code,price,product,q_count,rev_count,seller,star
"







3600408



",$269.00,Movado Bold Blue Dial Leather Mens Watch 3600408,,3 ratings,Advance Buy,4.7 out of 5 stars
"







3600408



",$270.69,Movado Bold Blue Dial Leather Mens Watch 3600408,,3 ratings,Todays Deals,4.7 out of 5 stars
"







3600408



",$299.00,Movado Bold Blue Dial Leather Mens Watch 3600408,,3 ratings,Pass the Watch,4.7 out of 5 stars
"







3600441



",$191.87,Movado Women s Swiss Quartz ROSEGOLD Plated Casual Watch Model 3600441,,11 ratings,Watchsavings,4.4 out of 5 stars
"







3600441



",$192.86,Movado Women s Swiss Quartz ROSEGOLD Plated Casual Watch Model 3600441,,11 ratings,WatchMaxx,4.4 out of 5 stars
"







3600441



",$360.00,Movado Women s Swiss Quartz ROSEGOLD Plated Casual Watch Model 3600441,,11 ratings,Pass the Watch,4.4 out of 5 stars
"







2100004



",$218.01,Movado Women's Museum Watch,"
7 answered questions
",45 ratings,Watchsavings,4.0 out of 5 stars
"







2100004



",$219.00,Movado Women's Museum Watch,"
7 answered questions
",45 ratings,Todays Deals,4.0 out of 5 stars
"







2100004



",$249.00,Movado Women's Museum Watch,"
7 answered questions
",45 ratings,Imperial123,4.0 out of 5 stars
"







2100004



",$349.00,Movado Women's Museum Watch,"
7 answered questions
",45 ratings,Authenticwatchesoutlet,4.0 out of 5 stars
"







3650021



",$299.01,"Movado Mens Heritage Rose Gold Chronograph Watch with Printed Index, Black/Brown/Pink/Gold (3650021)",,,Watchsavings,Back
"







3660034



",$487.00,"Movado Connect 2.0 Unisex Powered with Wear OS by Google Stainless Steel and Ionic Plated Black Steel Smartwatch, Color: Black (Model: 3660034)",,5 ratings,Amazon,3.3 out of 5 stars
"







3600561



",$495.00,"Movado Bold, Ionic Plated Grey Steel Case, Grey Dial, Grey Steel Mesh Bracelet, Men, 3600561",,1 rating,Todays Deals,4.0 out of 5 stars
"







3660024



",$385.00,"Movado Connect 2.0 Unisex Powered with Wear OS by Google Stainless Steel and Light Grey Leather Smartwatch, Color: Grey (Model: 3660024)",,5 ratings,Amazon,4.4 out of 5 stars
"







3680013



",$307.98,Movado Edge Rose Gold Toned Aluminum Dial Quartz Womens Watch 3680013,,,Watchsavings,4.8 out of 5 stars
"







3680013



",$349.00,Movado Edge Rose Gold Toned Aluminum Dial Quartz Womens Watch 3680013,,,Todays Deals,4.8 out of 5 stars
"







3680013



",$350.00,Movado Edge Rose Gold Toned Aluminum Dial Quartz Womens Watch 3680013,,,Decor plus,4.8 out of 5 stars
"







3680013



",$355.00,Movado Edge Rose Gold Toned Aluminum Dial Quartz Womens Watch 3680013,,,WatchMaxx,4.8 out of 5 stars
"







3680013



",$356.00,Movado Edge Rose Gold Toned Aluminum Dial Quartz Womens Watch 3680013,,,Pass the Watch,4.8 out of 5 stars
"







3680013



",$495.00,Movado Edge Rose Gold Toned Aluminum Dial Quartz Womens Watch 3680013,,,AUTHENTICWATCHES COM,4.8 out of 5 stars
"







3650046



",$273.90,"Movado Women's Heritage Yellow Gold Watch with a Printed Index Dial, Gold/White (Model 3650046)",,,Watchsavings,Previous page of related Sponsored Products
"







3600610



",$595.00,Movado Blue Stainless Steel Case (Model: 3600610),,,Amazon,2.6 out of 5 stars
"







0606546



","$2,595.00",Movado Men's 0606546 Verto Stainless Steel Watch,,,"Amijag Ecom, LLC",Previous page of related Sponsored Products
"







2600128



","$1,495.00","Movado Women's Swiss-Quartz Watch with Stainless-Steel Strap, Silver, 15 (Model: 2600128)",,,"Amijag Ecom, LLC",Previous page of related Sponsored Products
"







3600196



",$280.00,"Movado Women's Swiss Quartz Stainless Steel Watch, Color: Silver-Toned (Model: 3600196)","
8 answered questions
",27 ratings,Pass the Watch,4.6 out of 5 stars
"







0607249



",$499.99,Movado Stratus Quartz Movement Black Dial Men's Watches 0607249,,,UNOOWHOLESALE,Previous page of related Sponsored Products
"







0606780



",$750.00,Movado Men's 0606780 Sapphire Synergy Stainless Steel Watch with Black Rubber Band,,8 ratings,Pass the Watch,4.5 out of 5 stars
"







606502



",$259.98,Movado Men's 0606502 Museum Stainless Steel Watch with Black Leather Band,"
34 answered questions
",156 ratings,Horology Outlet,4.5 out of 5 stars
"







606502



",$259.99,Movado Men's 0606502 Museum Stainless Steel Watch with Black Leather Band,"
34 answered questions
",156 ratings,Targettime,4.5 out of 5 stars
"







3600493



",$389.86,"Movado Women's BOLD T-Bar Carnation Watch with a Flat Dot Crystal Dial, Pink (Model 3600493)",,6 ratings,Daily Fashion Craze,3.7 out of 5 stars
"







3600493



",$390.61,"Movado Women's BOLD T-Bar Carnation Watch with a Flat Dot Crystal Dial, Pink (Model 3600493)",,6 ratings,Horology Outlet,3.7 out of 5 stars
"







3600493



",$439.00,"Movado Women's BOLD T-Bar Carnation Watch with a Flat Dot Crystal Dial, Pink (Model 3600493)",,6 ratings,Watchsavings,3.7 out of 5 stars
"







3600493



",$795.00,"Movado Women's BOLD T-Bar Carnation Watch with a Flat Dot Crystal Dial, Pink (Model 3600493)",,6 ratings,GoldNtime,3.7 out of 5 stars
"







0607014



",$595.00,Movado Mens Museum Classic Analog Business Quartz Watch (Imported) 0607014,,4 ratings,Daily Fashion Craze,4.7 out of 5 stars
"







3600305



",$299.99,"Movado Men's BOLD TR90 Watch with a Sunray Dot and Leather Strap, Black/Gold (Model 3600305)","
12 answered questions
",64 ratings,Angel Seller,4.5 out of 5 stars
"







3600382



",$345.00,Movado Women's Swiss Quartz Tone and Gold Plated Watch(Model: 3600382),,18 ratings,Authenticwatchesoutlet,4.6 out of 5 stars
"







2600135



",$899.00,"Movado Men's Series 800 Sport Stainless Watch with Printed Index Dial, Silver/Black (Model 2600135)","
7 answered questions
",10 ratings,RM JEWELRY,4.6 out of 5 stars
"







3660027



",$487.00,"Movado Connect 2.0 Unisex Powered with Wear OS by Google Stainless Steel and Ionic Plated Carnation Gold Steel Smartwatch, Color: Carnation (Model: 3660027)",,7 ratings,Amazon,3.3 out of 5 stars
"







607225



",$622.36,"Movado Men's Museum Sport Stainless Steel Watch with a Printed Index Dial, Silver/Black (0607225)",,3 ratings,Watchsavings,5 out of 5 stars
"







607225



",$624.35,"Movado Men's Museum Sport Stainless Steel Watch with a Printed Index Dial, Silver/Black (0607225)",,3 ratings,Todays Deals,5 out of 5 stars
"







607225



",$919.00,"Movado Men's Museum Sport Stainless Steel Watch with a Printed Index Dial, Silver/Black (0607225)",,3 ratings,RM JEWELRY,5 out of 5 stars
"







0606893



",$279.76,Movado Women's Swiss Quartz Stainless Steel Casual Watch (Model: 0606893),,25 ratings,WatchMaxx,4.8 out of 5 stars
"







0606893



",$333.60,Movado Women's Swiss Quartz Stainless Steel Casual Watch (Model: 0606893),,25 ratings,"Amijag Ecom, LLC",4.8 out of 5 stars
"







0606893



",$334.16,Movado Women's Swiss Quartz Stainless Steel Casual Watch (Model: 0606893),,25 ratings,Todays Deals,4.8 out of 5 stars
"







3600476



",$355.95,Movado Bold Ink Blue Sunray Dial Mens Chronograph Watch 3600476,,5 ratings,WatchMaxx,3.7 out of 5 stars
"







3600476



",$355.95,Movado Bold Ink Blue Sunray Dial Mens Chronograph Watch 3600476,,5 ratings,WatchMaxx,3.7 out of 5 stars
"







3600476



",$409.61,Movado Bold Ink Blue Sunray Dial Mens Chronograph Watch 3600476,,5 ratings,Todays Deals,3.7 out of 5 stars
"







3600476



",$597.20,Movado Bold Ink Blue Sunray Dial Mens Chronograph Watch 3600476,,5 ratings,GoldNtime,3.7 out of 5 stars
"







607268



",$549.00,Movado Museum Classic Blue Mother of Pearl Dial Two-Tone Ladies Watch 0607268,,1 rating,Watchsavings,4 out of 5 stars
"







607268



",$549.00,Movado Museum Classic Blue Mother of Pearl Dial Two-Tone Ladies Watch 0607268,,1 rating,Todays Deals,4 out of 5 stars
"







607268



",$625.00,Movado Museum Classic Blue Mother of Pearl Dial Two-Tone Ladies Watch 0607268,,1 rating,Pass the Watch,4 out of 5 stars
"







2600143



",$439.00,Movado Men's Series 800,,,WatchMall,Previous page of related Sponsored Products
"







2600143



",$459.22,Movado Men's Series 800,,,Watchsavings,Previous page of related Sponsored Products
"







2600143



",$698.00,Movado Men's Series 800,,,Pass the Watch,Previous page of related Sponsored Products
"







3600416



",$232.00,"Movado Women's Swiss-Quartz Watch with Gold-Plated-Stainless-Steel Strap, 19 (Model: 3600416)","
10 answered questions
",23 ratings,WatchMaxx,4.5 out of 5 stars
"







607220



",$500.00,"Movado Women's Museum Stainless Steel Watch with a Concave Dot Museum Dial, Black/Silver (607220)",,15 ratings,WatchMaxx,4.3 out of 5 stars
"







607220



",$500.00,"Movado Women's Museum Stainless Steel Watch with a Concave Dot Museum Dial, Black/Silver (607220)",,15 ratings,WatchMaxx,4.3 out of 5 stars
"







607220



",$625.50,"Movado Women's Museum Stainless Steel Watch with a Concave Dot Museum Dial, Black/Silver (607220)",,15 ratings,Daily Fashion Craze,4.3 out of 5 stars
"







607220



",$795.00,"Movado Women's Museum Stainless Steel Watch with a Concave Dot Museum Dial, Black/Silver (607220)",,15 ratings,Zappos,4.3 out of 5 stars
"







3600388



",$419.20,"Movado Women's BOLD Iconic Metal Blue PVD Watch with a Flat Dot Sunray Dial, Blue (Model 3600388)",,13 ratings,Daily Fashion Craze,3.8 out of 5 stars
"







3600388



",$419.95,"Movado Women's BOLD Iconic Metal Blue PVD Watch with a Flat Dot Sunray Dial, Blue (Model 3600388)",,13 ratings,Todays Deals,3.8 out of 5 stars
"







3600388



",$426.93,"Movado Women's BOLD Iconic Metal Blue PVD Watch with a Flat Dot Sunray Dial, Blue (Model 3600388)",,13 ratings,WatchMaxx,3.8 out of 5 stars
"







3600388



",$645.00,"Movado Women's BOLD Iconic Metal Blue PVD Watch with a Flat Dot Sunray Dial, Blue (Model 3600388)",,13 ratings,RM JEWELRY,3.8 out of 5 stars
"







3600512



",$269.00,Movado Bold Quartz Movement Black Dial Men's Watch 3600512,"
3 answered questions
",1 rating,Watchsavings,5.0 out of 5 stars
"







3600512



",$269.99,Movado Bold Quartz Movement Black Dial Men's Watch 3600512,"
3 answered questions
",1 rating,UNOOWHOLESALE,5.0 out of 5 stars
"







3600512



",$295.90,Movado Bold Quartz Movement Black Dial Men's Watch 3600512,"
3 answered questions
",1 rating,Daily Fashion Craze,5.0 out of 5 stars
"







3600512



",$377.00,Movado Bold Quartz Movement Black Dial Men's Watch 3600512,"
3 answered questions
",1 rating,Daily Fashion Craze,5.0 out of 5 stars
"







3600512



",$570.00,Movado Bold Quartz Movement Black Dial Men's Watch 3600512,"
3 answered questions
",1 rating,Pass the Watch,5.0 out of 5 stars
"







3600086



",$495.00,"Movado Women's BOLD Iconic Metal Rose Gold Watch with a Flat Dot Sunray Dial, Gold/Pink (3600086)","
3 answered questions
",21 ratings,Todays Deals,4.7 out of 5 stars
"







3600086



",$625.50,"Movado Women's BOLD Iconic Metal Rose Gold Watch with a Flat Dot Sunray Dial, Gold/Pink (3600086)","
3 answered questions
",21 ratings,Daily Fashion Craze,4.7 out of 5 stars
"







3600086



",$629.00,"Movado Women's BOLD Iconic Metal Rose Gold Watch with a Flat Dot Sunray Dial, Gold/Pink (3600086)","
3 answered questions
",21 ratings,RM JEWELRY,4.7 out of 5 stars
"







3600086



",$687.20,"Movado Women's BOLD Iconic Metal Rose Gold Watch with a Flat Dot Sunray Dial, Gold/Pink (3600086)","
3 answered questions
",21 ratings,GoldNtime,4.7 out of 5 stars
"







607200



",$995.00,"Movado Men's Museum Two Tone Watch with a Concave Dot Museum Dial, Gold/Silver/Black (Model 607200)","
6 answered questions
",13 ratings,Zappos,4.7 out of 5 stars
"







607270



",$299.00,"Movado Men's Museum Stainless Steel Watch with Concave Dot, Silver/Blue/Black Strap (Model 607270)",,6 ratings,Imperial123,4.7 out of 5 stars
"







607270



",$329.00,"Movado Men's Museum Stainless Steel Watch with Concave Dot, Silver/Blue/Black Strap (Model 607270)",,6 ratings,Platinum-Deals,4.7 out of 5 stars
"







607270



",$349.95,"Movado Men's Museum Stainless Steel Watch with Concave Dot, Silver/Blue/Black Strap (Model 607270)",,6 ratings,Angel Seller,4.7 out of 5 stars
"







607270



",$495.00,"Movado Men's Museum Stainless Steel Watch with Concave Dot, Silver/Blue/Black Strap (Model 607270)",,6 ratings,Zappos,4.7 out of 5 stars
"







3600586



",$344.25,"Movado Bold, Ionic Plated Grey Steel Case, Grey Dial, Blue Nappa Leather Strap, Men, 3600586",,,Luxuryfreeshop,Back
"







3600586



",$345.74,"Movado Bold, Ionic Plated Grey Steel Case, Grey Dial, Blue Nappa Leather Strap, Men, 3600586",,,Watchsavings,Back
"







3600427



",$178.57,Movado Bold Silver Dial Blue Rubber Strap Women's Watch 3600427,,3 ratings,WatchMaxx,5.0 out of 5 stars
"







3600427



",$178.57,Movado Bold Silver Dial Blue Rubber Strap Women's Watch 3600427,,3 ratings,WatchMaxx,5.0 out of 5 stars
"







3600427



",$349.00,Movado Bold Silver Dial Blue Rubber Strap Women's Watch 3600427,,3 ratings,AUTHENTICWATCHES COM,5.0 out of 5 stars
"







3600537



",$298.01,"Movado Bold, Ionic Plated Black Steel Case, Black Dial, Cognac Leather Strap, 3600537",,4 ratings,Watchsavings,4.4 out of 5 stars
"







3600537



",$299.00,"Movado Bold, Ionic Plated Black Steel Case, Black Dial, Cognac Leather Strap, 3600537",,4 ratings,Luxuryfreeshop,4.4 out of 5 stars
"







3600537



",$313.12,"Movado Bold, Ionic Plated Black Steel Case, Black Dial, Cognac Leather Strap, 3600537",,4 ratings,Todays Deals,4.4 out of 5 stars
"







3600537



",$318.21,"Movado Bold, Ionic Plated Black Steel Case, Black Dial, Cognac Leather Strap, 3600537",,4 ratings,WatchMaxx,4.4 out of 5 stars
"







3600458



",$142.99,Movado Women's Bold - 3600458 Rose Gold One Size,,2 ratings,Watchsavings,4.5 out of 5 stars
"







606116



",$328.90,Movado Junior Sport Blue Dial Stainless Steel Mens Watch 0606116,,2 ratings,Watchsavings,4.7 out of 5 stars
"







3660016



",$530.00,"Movado Connect Digital Smart Module Stainless Steel Smartwatch, Silver/Black Strap (Model 3660016)","
4 answered questions
",2 ratings,JEM Shop,3.3 out of 5 stars
"







607269



",$329.00,"Movado Men's Museum Stainless Steel Watch with Concave Dot Museum Dial, Silver/Black Strap (607269)",,9 ratings,Imperial123,4.7 out of 5 stars
"







607269



",$349.95,"Movado Men's Museum Stainless Steel Watch with Concave Dot Museum Dial, Silver/Black Strap (607269)",,9 ratings,Angel Seller,4.7 out of 5 stars
"







607269



",$445.50,"Movado Men's Museum Stainless Steel Watch with Concave Dot Museum Dial, Silver/Black Strap (607269)",,9 ratings,Daily Fashion Craze,4.7 out of 5 stars
"







607269



",$495.00,"Movado Men's Museum Stainless Steel Watch with Concave Dot Museum Dial, Silver/Black Strap (607269)",,9 ratings,Zappos,4.7 out of 5 stars
"







607269



",$499.00,"Movado Men's Museum Stainless Steel Watch with Concave Dot Museum Dial, Silver/Black Strap (607269)",,9 ratings,RM JEWELRY,4.7 out of 5 stars
"







3600589



",$470.00,Movado Stainless Steel Case (Model: 3600589),,5 ratings,Daily Fashion Craze,4.5 out of 5 stars
"







605024



",$296.01,Movado Women's 605024 Juro Stainless-Steel Watch,,33 ratings,Watchsavings,4.7 out of 5 stars
"







605024



",$297.00,Movado Women's 605024 Juro Stainless-Steel Watch,,33 ratings,Pass the Watch,4.7 out of 5 stars
"







3600617



",$260.00,USA Jet Plain Iron on patch,,,Watchsavings,Previous page of related Sponsored Products
"







3600617



",$431.19,USA Jet Plain Iron on patch,,,Horology Outlet,Previous page of related Sponsored Products
"







606042



",$399.00,Movado Men's 606042 Esperanza Stainless-Steel Watch,,5 ratings,Platinum-Deals,5.0 out of 5 stars
"







606042



",$995.00,Movado Men's 606042 Esperanza Stainless-Steel Watch,,5 ratings,"Amijag Ecom, LLC",5.0 out of 5 stars
"







3660032



",$487.00,"Movado Connect 2.0 Unisex Powered with Wear OS by Google Stainless Steel and Stainless Steel Smartwatch, Color: Silver (Model: 3660032)",,7 ratings,Amazon,3.4 out of 5 stars
"







0606888



",$273.90,Movado Women's 0606888 Analog Display Swiss Quartz Gold Watch,,15 ratings,Watchsavings,4.1 out of 5 stars
"







0606888



",$290.10,Movado Women's 0606888 Analog Display Swiss Quartz Gold Watch,,15 ratings,Daily Fashion Craze,4.1 out of 5 stars
"







0606888



",$329.00,Movado Women's 0606888 Analog Display Swiss Quartz Gold Watch,,15 ratings,Luxury Bazaar,4.1 out of 5 stars
"







0606888



",$329.00,Movado Women's 0606888 Analog Display Swiss Quartz Gold Watch,,15 ratings,Luxury Bazaar,4.1 out of 5 stars
"







0606888



",$400.00,Movado Women's 0606888 Analog Display Swiss Quartz Gold Watch,,15 ratings,Pass the Watch,4.1 out of 5 stars
"







0606888



",$687.20,Movado Women's 0606888 Analog Display Swiss Quartz Gold Watch,,15 ratings,GoldNtime,4.1 out of 5 stars
"







3660022



",$550.00,"Movado Connect 2.0 Unisex Powered with Wear OS by Google Stainless Steel and Black Leather Smartwatch, Color: Black (Model: 3660022)",,11 ratings,Amazon,4.1 out of 5 stars
"







3660029



",$385.00,"Movado Connect 2.0 Unisex Powered with Wear OS by Google Stainless Steel and Black Leather Smartwatch, Color: Black (Model: 3660029)",,15 ratings,Amazon,3.9 out of 5 stars
"







3600258



",$529.99,"Movado Men's BOLD Metals Yellow Gold Watch with a Printed Index Dial, Gold (Model 3600258)","
16 answered questions
",51 ratings,Angel Seller,4.4 out of 5 stars
"







3600585



",$349.00,Movado Ionic Plated Blue Steel Case (Model: 3600585),,6 ratings,Luxuryfreeshop,4.1 out of 5 stars
"







3600510



",$494.00,Movado Evolution Blue Pvd Watch (Model: 3600510),,3 ratings,WatchMaxx,5.0 out of 5 stars
"







3600307



",$280.21,"Movado Men's BOLD TR90 Watch with Sunray Dot and Leather Strap, Black/Blue (Model 3600307)","
11 answered questions
",21 ratings,Daily Fashion Craze,4.0 out of 5 stars
"







3600307



",$284.26,"Movado Men's BOLD TR90 Watch with Sunray Dot and Leather Strap, Black/Blue (Model 3600307)","
11 answered questions
",21 ratings,WatchMaxx,4.0 out of 5 stars
"







3600307



",$387.20,"Movado Men's BOLD TR90 Watch with Sunray Dot and Leather Strap, Black/Blue (Model 3600307)","
11 answered questions
",21 ratings,GoldNtime,4.0 out of 5 stars
"







3600607



",$274.98,"Movado Bold, Ionic Plated Blue Steel Case, Black Dial, Blue Steel Bracelet, Men, 3600607",,17 ratings,Watchsavings,4.5 out of 5 stars
"







3600607



",$349.95,"Movado Bold, Ionic Plated Blue Steel Case, Black Dial, Blue Steel Bracelet, Men, 3600607",,17 ratings,Todays Deals,4.5 out of 5 stars
"







3600607



",$420.00,"Movado Bold, Ionic Plated Blue Steel Case, Black Dial, Blue Steel Bracelet, Men, 3600607",,17 ratings,Luxuryfreeshop,4.5 out of 5 stars
"







0607202



","$1,295.00","Movado Museum, Stainless Steel Yellow Pvd Case, Black Dial, Stainless Steel Bracelet, Men, 0607202",,,Daily Fashion Craze,4.7 out of 5 stars
"







3600483



",$399.00,Movado Bold Black Dial Ladies Watch 3600483,"
5 answered questions
",19 ratings,AUTHENTICWATCHES COM,4.1 out of 5 stars
"







0606796



",$279.01,Movado Women's 0606796 Rondiro Analog Display Swiss Quartz Silver Watch,,9 ratings,Watchsavings,4.0 out of 5 stars
"







0606796



",$280.00,Movado Women's 0606796 Rondiro Analog Display Swiss Quartz Silver Watch,,9 ratings,Pass the Watch,4.0 out of 5 stars
"







3660035



",$557.00,"Movado Connect 2.0 Unisex Powered with Wear OS by Google Stainless Steel and Stainless Steel Smartwatch, Color: Silver (Model: 3660035)",,6 ratings,Amazon,2.6 out of 5 stars
"







3600434



",$388.99,"Movado Women's BOLD Iconic Metal Yellow Gold Watch with Flat Dot Sunray Dial, Gold/ (Model 3600434)",,10 ratings,Luxuryfreeshop,3.4 out of 5 stars
"







3600434



",$390.48,"Movado Women's BOLD Iconic Metal Yellow Gold Watch with Flat Dot Sunray Dial, Gold/ (Model 3600434)",,10 ratings,WatchMaxx,3.4 out of 5 stars
"







3600434



",$595.00,"Movado Women's BOLD Iconic Metal Yellow Gold Watch with Flat Dot Sunray Dial, Gold/ (Model 3600434)",,10 ratings,Zappos,3.4 out of 5 stars
"







0606595



",$289.00,"Movado Women's 0606595 ""Bela"" Stainless Steel Bangle Watch","
4 answered questions
",25 ratings,Luxury Bazaar,4.8 out of 5 stars
"







607015



",$276.98,Movado Ladies Museum Classic Analog Business Quartz Watch (Imported) 0607015,,3 ratings,Horology Outlet,5.0 out of 5 stars
"







607015



",$277.48,Movado Ladies Museum Classic Analog Business Quartz Watch (Imported) 0607015,,3 ratings,Global Precious Brands LLC,5.0 out of 5 stars
"







3600500



",$373.60,Movado Bold Quartz Movement Gunmetal Dial Ladies Watch 3600500,,1 rating,Todays Deals,5.0 out of 5 stars
"







3600500



",$373.60,Movado Bold Quartz Movement Gunmetal Dial Ladies Watch 3600500,,1 rating,Daily Fashion Craze,5.0 out of 5 stars
"







3600500



",$426.31,Movado Bold Quartz Movement Gunmetal Dial Ladies Watch 3600500,,1 rating,Horology Outlet,5.0 out of 5 stars
"







3600580



",$399.00,"Movado Bold, Yellow Gold Ion-Plated Stainless Steel Case, Gold Dial, Yellow Gold Ion-Plated Stainless Steel Mesh Bracelet, Women, 3600580",,3 ratings,Imperial123,4.7 out of 5 stars
"







3600580



",$599.00,"Movado Bold, Yellow Gold Ion-Plated Stainless Steel Case, Gold Dial, Yellow Gold Ion-Plated Stainless Steel Mesh Bracelet, Women, 3600580",,3 ratings,RM JEWELRY,4.7 out of 5 stars
"







0607278



",$499.00,Movado 0607278,,2 ratings,Todays Deals,5 out of 5 stars
"







607169



",$544.50,Movado 607169,,,Watchsavings,Previous page of related Sponsored Products
"







607087



",$389.89,"Movado Men's Ultra Slim Yellow Gold Watch with a Printed Index Dial, Black/Gold (Model 607087)",,4 ratings,Global Precious Brands LLC,5.0 out of 5 stars
"







0607087



",$435.00,Movado Men's Ultra Slim Black Dial Watch 0607087,,,Luxury Bazaar,Previous page of related Sponsored Products
"







0607087



",$439.00,Movado Men's Ultra Slim Black Dial Watch 0607087,,,Luxury Bazaar,Previous page of related Sponsored Products
"







0607201



",$999.00,"Movado Museum Classic, Stainless Steel Case, Black Dial, Stainless Steel Bracelet, Men, 0607201",,2 ratings,RM JEWELRY,4.5 out of 5 stars
"







0607201



","$1,095.00","Movado Museum Classic, Stainless Steel Case, Black Dial, Stainless Steel Bracelet, Men, 0607201",,2 ratings,Daily Fashion Craze,4.5 out of 5 stars
"







0607201



","$1,195.00","Movado Museum Classic, Stainless Steel Case, Black Dial, Stainless Steel Bracelet, Men, 0607201",,2 ratings,Zappos,4.5 out of 5 stars
"







0606596



",$266.80,Movado Women's 0606596 Bela Stainless Steel Bangle Watch,,20 ratings,Advance Buy,4.5 out of 5 stars
"







0606596



",$269.00,Movado Women's 0606596 Bela Stainless Steel Bangle Watch,,20 ratings,Luxury Bazaar,4.5 out of 5 stars
"







0606596



",$269.00,Movado Women's 0606596 Bela Stainless Steel Bangle Watch,,20 ratings,Luxury Bazaar,4.5 out of 5 stars
"







0606596



",$276.60,Movado Women's 0606596 Bela Stainless Steel Bangle Watch,,20 ratings,Daily Fashion Craze,4.5 out of 5 stars
"







0606596



",$280.32,Movado Women's 0606596 Bela Stainless Steel Bangle Watch,,20 ratings,Horology Outlet,4.5 out of 5 stars
"







0606596



",$299.00,Movado Women's 0606596 Bela Stainless Steel Bangle Watch,,20 ratings,Watchsavings,4.5 out of 5 stars
"







0606596



",$495.00,Movado Women's 0606596 Bela Stainless Steel Bangle Watch,,20 ratings,"Amijag Ecom, LLC",4.5 out of 5 stars
"







0606596



",$495.00,Movado Women's 0606596 Bela Stainless Steel Bangle Watch,,20 ratings,"Amijag Ecom, LLC",4.5 out of 5 stars
"







3600494



",$260.00,Movado Bold Light Blue Dial Ladies Watch 3600494,"
5 answered questions
",22 ratings,Watchsavings,5 out of 5 stars
"







3600535



",$595.00,Movado Women's Bold Ceramic Watch (Model: 3600535),,3 ratings,Zappos,5.0 out of 5 stars
"







3600535



",$695.00,Movado Women's Bold Ceramic Watch (Model: 3600535),,3 ratings,Amazon,5.0 out of 5 stars
"







605284



",$207.90,Movado Women's 605284 Kara Swiss Quartz Bangle Bracelet Watch,,25 ratings,Watchsavings,4.9 out of 5 stars
"







605284



",$226.87,Movado Women's 605284 Kara Swiss Quartz Bangle Bracelet Watch,,25 ratings,Horology Outlet,4.9 out of 5 stars
"







605284



",$239.00,Movado Women's 605284 Kara Swiss Quartz Bangle Bracelet Watch,,25 ratings,Luxury Bazaar,4.9 out of 5 stars
"







3600599



",$399.00,"Movado Bold, Grey Ion-Plated Stainless Steel Case, Grey Dial, Grey Ion-Plated Stainless Steel Mesh Bracelet, Men, 3600599",,,Luxuryfreeshop,Previous page of related Sponsored Products
"







3600599



",$575.00,"Movado Bold, Grey Ion-Plated Stainless Steel Case, Grey Dial, Grey Ion-Plated Stainless Steel Mesh Bracelet, Men, 3600599",,,RM JEWELRY,Previous page of related Sponsored Products
"







607220.0



",$439.00,Watch Movado Women's Museum Watch Quartz Sapphire Crystal 0607220 0607220,,,WatchMaxx,Back
"







607220.0



",$439.00,Watch Movado Women's Museum Watch Quartz Sapphire Crystal 0607220 0607220,,,Luxury Bazaar,Back
"







607220.0



",$645.00,Watch Movado Women's Museum Watch Quartz Sapphire Crystal 0607220 0607220,,,RM JEWELRY,Back
"







3680039



",$386.00,Movado Edge Black Dial Leather Strap 40 mm Mens Watch 3680039,,1 rating,WatchMaxx,4.7 out of 5 stars
"







607290



",$549.70,Movado Sport Chronograph Watch (Model: 607290),,2 ratings,Global Precious Brands LLC,3.5 out of 5 stars
"







607290



",$999.00,Movado Sport Chronograph Watch (Model: 607290),,2 ratings,RM JEWELRY,3.5 out of 5 stars
"







0606934



",$350.90,Movado Veturi Goldplated Stainless Steel Mens Watch 0606934,,3 ratings,Watchsavings,4.2 out of 5 stars
"







0606934



",$368.00,Movado Veturi Goldplated Stainless Steel Mens Watch 0606934,,3 ratings,Pass the Watch,4.2 out of 5 stars
"







0606934



",$368.00,Movado Veturi Goldplated Stainless Steel Mens Watch 0606934,,3 ratings,Todays Deals,4.2 out of 5 stars
"







0606934



",$368.53,Movado Veturi Goldplated Stainless Steel Mens Watch 0606934,,3 ratings,Premier Outlets,4.2 out of 5 stars
"







0606934



",$495.00,Movado Veturi Goldplated Stainless Steel Mens Watch 0606934,,3 ratings,AUTHENTICWATCHES COM,4.2 out of 5 stars
"







0606691



",$399.00,Movado Women's 0606691 Movado TC Stainless Steel Bracelet Watch with Diamond-Accented Mother-of-Pearl Dial,,1 rating,Todays Deals,5.0 out of 5 stars
"







0660006



","$2,495.00",Movado Women's 0660006 Analog Display Swiss Quartz Silver Smartwatch,,,"Amijag Ecom, LLC",Previous page of related Sponsored Products
"







607203



","$1,195.00",Movado Men's Museum Yellow Pvd Case (Model: 607203),,4 ratings,Zappos,3.9 out of 5 stars
"







2600118



",$599.00,Movado Men's 2600118 Series 800 Black PVD Case with Black Leather Band,,3 ratings,WatchMall,4.6 out of 5 stars
"







2600118



","$1,795.00",Movado Men's 2600118 Series 800 Black PVD Case with Black Leather Band,,3 ratings,"Amijag Ecom, LLC",4.6 out of 5 stars
"







3600210



",$556.50,Movado Women's 3600210 Bold Rose Gold-Tone Stainless Steel Bracelet Watch,,2 ratings,Todays Deals,5 out of 5 stars
"







3600255



",$595.00,Movado Women's 3600255 Bold Gold-Tone Watch,"
3 answered questions
",12 ratings,SurfNTime,3.8 out of 5 stars
"







3600261



",$349.00,Movado Men's 3600261 Bold Analog Display Swiss Quartz Black Watch,,29 ratings,Platinum-Deals,4.3 out of 5 stars
"







0607013



",$346.50,Movado Mens Museum Classic Analog Business Quartz Watch (Imported) 0607013,,1 rating,Todays Deals,5.0 out of 5 stars
"







0606576



",$804.00,Movado Men's 0606576 Circa Stainless Steel Watch With Brown Leather Band,,19 ratings,Pass the Watch,4.5 out of 5 stars
"







0607080



",$749.00,"Movado Men's Circa Swiss-Quartz Watch with Gold-Plated-Stainless-Steel Strap, Yellow, 21 (Model: 0607080)",,5 ratings,Todays Deals,4.7 out of 5 stars
"







0607080



","$1,017.10","Movado Men's Circa Swiss-Quartz Watch with Gold-Plated-Stainless-Steel Strap, Yellow, 21 (Model: 0607080)",,5 ratings,Global Precious Brands LLC,4.7 out of 5 stars
"







0607058



",$836.50,"Movado Men's Esperanza Two Tone Watch with Concave Dot Museum Dial, Silver/Gold/Black (Model 607058)",,3 ratings,Todays Deals,4.5 out of 5 stars
"







0607058



","$1,075.50","Movado Men's Esperanza Two Tone Watch with Concave Dot Museum Dial, Silver/Gold/Black (Model 607058)",,3 ratings,Daily Fashion Craze,4.5 out of 5 stars
"







0607247



",$459.81,Movado Stratus Quartz Movement Black Dial Men's Watch 607247,,1 rating,Watchsavings,1.0 out of 5 stars
"







0607247



",$461.80,Movado Stratus Quartz Movement Black Dial Men's Watch 607247,,1 rating,Flying Fashion,1.0 out of 5 stars
"







0607247



",$527.00,Movado Stratus Quartz Movement Black Dial Men's Watch 607247,,1 rating,Daily Fashion Craze,1.0 out of 5 stars
"







606369



",$399.00,Movado Men's Collection 0606369 Silver Metal Quartz Fashion Watch,"
6 answered questions
",37 ratings,Platinum-Deals,4.7 out of 5 stars
"







606369



",$599.00,Movado Men's Collection 0606369 Silver Metal Quartz Fashion Watch,"
6 answered questions
",37 ratings,Imperial123,4.7 out of 5 stars
"







607272



",$595.00,Movado Core Museum Classic - 0607272 Rose Pvd One Size,,2 ratings,Zappos,4.7 out of 5 stars
"







607267



",$549.00,Movado Museum Classic Blue Dial Two-Tone Men's Watch 0607267,,,Watchsavings,Back
"







607267



",$549.00,Movado Museum Classic Blue Dial Two-Tone Men's Watch 0607267,,,Todays Deals,Back
"







3600387



",$314.00,"Movado Women's Swiss-Quartz Watch with Gold-Plated-Stainless-Steel Strap, Rose, 14.5 (Model: 3600387)",,3 ratings,Horology Outlet,5.0 out of 5 stars
"







3600387



",$349.00,"Movado Women's Swiss-Quartz Watch with Gold-Plated-Stainless-Steel Strap, Rose, 14.5 (Model: 3600387)",,3 ratings,Authenticwatchesoutlet,5.0 out of 5 stars
"







607200



",$695.00,Movado Men's Museum Classic Black Dial Two-Tone Watch 0607200,,,Luxury Bazaar,Back
"







3680001



",$275.00,Movado Edge Silver Dial Leather Strap Men's Watch 3680001,"
3 answered questions
",13 ratings,Premier Outlets,4.7 out of 5 stars
"







0607194



",$379.00,Movado Museum Classic Watch 0607194,,,Luxury Bazaar,Previous page of related Sponsored Products
"







0607194



",$389.00,Movado Museum Classic Watch 0607194,,,Luxury Bazaar,Previous page of related Sponsored Products
"







0606958



",$423.77,Movado Black Dial Two-Tone Men's Watch 0606958,,,Iggy's,Previous page of related Sponsored Products
"







0606958



",$499.99,Movado Black Dial Two-Tone Men's Watch 0606958,,,UNOOWHOLESALE,Previous page of related Sponsored Products
"







3600551



",$520.00,Movado Iconic Metal Two Tone Watch (Model: 3600551),,1 rating,Daily Fashion Craze,2.0 out of 5 stars
"







3600495



",$318.98,"Movado Men's BOLD Sport Black PVD Watch with a Printed Index Dial, Blue/Black (Model 3600495)",,1 rating,Watchsavings,5.0 out of 5 stars
"







3600495



",$358.00,"Movado Men's BOLD Sport Black PVD Watch with a Printed Index Dial, Blue/Black (Model 3600495)",,1 rating,Pass the Watch,5.0 out of 5 stars
"







3680007



",$374.00,Movado Edge Black Aluminum Dial Swiss Quartz Mens Watch 3680007,,3 ratings,Horology Outlet,3.5 out of 5 stars
"







3680007



",$382.00,Movado Edge Black Aluminum Dial Swiss Quartz Mens Watch 3680007,,3 ratings,Pass the Watch,3.5 out of 5 stars
"







3680007



",$495.00,Movado Edge Black Aluminum Dial Swiss Quartz Mens Watch 3680007,,3 ratings,AUTHENTICWATCHES COM,3.5 out of 5 stars
"







0607226



",$906.50,"Movado Men's Museum Sport Gunmetal Watch with a Printed Index Dial, Grey/Black (Model 0607226)",,1 rating,Todays Deals,4.5 out of 5 stars
"







3600256



",$429.95,"Movado Women's BOLD Luxe Two Tone Watch with Roman Index Dial, Silver/Gold (Model 3600256)","
5 answered questions
",19 ratings,Angel Seller,4.7 out of 5 stars
"







3600256



",$449.99,"Movado Women's BOLD Luxe Two Tone Watch with Roman Index Dial, Silver/Gold (Model 3600256)","
5 answered questions
",19 ratings,WhoIsCamera,4.7 out of 5 stars
"







606948



",$239.80,Movado Kara Quartz Black Dial Ladies Watch 0606948,,,Watchsavings,Previous page of related Sponsored Products
"







607198



",$489.00,Movado Men's Museum Classic Black Dial Watch - 607198,,2 ratings,Luxury Bazaar,5.0 out of 5 stars
"







3600430



",$195.78,Movado Women's Bold - 3600430 Stainless Steel/Rose Gold Ion-Plated One Size,,7 ratings,Watchsavings,4.5 out of 5 stars
"







3600430



",$275.00,Movado Women's Bold - 3600430 Stainless Steel/Rose Gold Ion-Plated One Size,,7 ratings,Todays Deals,4.5 out of 5 stars
"







3600534



",$609.00,Movado Women's Bold Ceramic Watch (Model: 3600534),"
4 answered questions
",6 ratings,RM JEWELRY,5.0 out of 5 stars
"







3600534



",$695.00,Movado Women's Bold Ceramic Watch (Model: 3600534),"
4 answered questions
",6 ratings,Amazon,5.0 out of 5 stars
"







606367



",$399.00,Movado Men's Museum Watch Swiss Quartz Sapphire Crystal 606367,,8 ratings,Todays Deals,5 out of 5 stars
"







3600516



",$416.00,"Movado Men's BOLD Sport PVD Chronograph Watch with a Printed Index Dial, Black/Blue (Model 3600516)",,1 rating,WatchMaxx,1.0 out of 5 stars
"







3600516



",$416.00,"Movado Men's BOLD Sport PVD Chronograph Watch with a Printed Index Dial, Black/Blue (Model 3600516)",,1 rating,WatchMaxx,1.0 out of 5 stars
"







0606916



",$685.46,Movado 1881 Black Dial Two-Tone Stainless Steel Men's Watch 0606916,,,WatchMaxx,Back
"







0606916



",$685.46,Movado 1881 Black Dial Two-Tone Stainless Steel Men's Watch 0606916,,,Watchsavings,Back
"







0607136



",$351.98,Movado Museum Grey Dial Mens Watch 0607136,,,Watchsavings,4.7 out of 5 stars
"







0607136



",$438.00,Movado Museum Grey Dial Mens Watch 0607136,,,Pass the Watch,4.7 out of 5 stars
"







0607153



",$495.00,Movado Amorosa Stainless Watch (Model: 0607153),,6 ratings,Zappos,5.0 out of 5 stars
"







0607179



","$1,396.50",Movado Men's Sapphire Black Pvd Case with a Black Dial on a Black Pvd Bracelet (Model:0607179),,,Todays Deals,Previous page of related Sponsored Products
"







3600538



",$459.99,Movado Men's Bold Black Dial Watch - 3600538,,3 ratings,Premier Outlets,4.1 out of 5 stars
"







607360



",$646.00,Movado Museum Grey & Black Pvd Case (Model: 607360),,,Daily Fashion Craze,5.0 out of 5 stars
"







607360



",$646.75,Movado Museum Grey & Black Pvd Case (Model: 607360),,,Watchsavings,5.0 out of 5 stars
"







3600437



",$395.00,Movado Women's Bold - 3600437 Yellow Gold Ion-Plated One Size,,14 ratings,AUTHENTICWATCHES COM,4.5 out of 5 stars
"







0607274



",$329.00,"Movado Women's Museum Stainless Steel Watch with Concave Dot, Silver/Black Strap (Model: 607274)",,3 ratings,Platinum-Deals,5.0 out of 5 stars
"







3600511



",$575.00,"Movado Men's BOLD Sport Khaki PVD Watch with a Printed Index Dial, Brown/Black (Model 3600511)",,,Daily Fashion Craze,Back
"







0607351



",$493.90,Ladies' Movado Museum Classic Mother-of-Pearl Dial Gold-Tone Mesh Bracelet Watch 0607351,,1 rating,Watchsavings,5.0 out of 5 stars
"







3680145



",$374.99,Movado Edge Quartz Movement Blue Dial Men's Watches 3680145,,,Daily Fashion Craze,Previous page of related Sponsored Products
"







3680145



",$695.00,Movado Edge Quartz Movement Blue Dial Men's Watches 3680145,,,Todays Deals,Previous page of related Sponsored Products
"







3600562



",$595.00,"Movado Bold, Ionic Plated Black Steel Case, Black Dial, Black Steel Mesh Bracelet, 3600562",,,Zappos,Previous page of related Sponsored Products
"







0606932



",$284.90,Movado Veturi Men's Quartz Watch 0606932,"
3 answered questions
",3 ratings,Watchsavings,3.3 out of 5 stars
"







0606932



",$495.00,Movado Veturi Men's Quartz Watch 0606932,"
3 answered questions
",3 ratings,AUTHENTICWATCHES COM,3.3 out of 5 stars
"







0607151



",$372.90,Movado Women's Aleena Two-Tone Watch (Model: 0607151),,1 rating,Watchsavings,5.0 out of 5 stars
"







3680010



",$398.00,Movado Edge Blue Aluminum Dial Swiss Quartz Chronograph Mens Watch 3680010,,1 rating,"Amijag Ecom, LLC",3.5 out of 5 stars
"







3650031



",$475.00,Movado Heritage Chronograph Green Lacquer Dial Men's Watch 3650031,,2 ratings,AUTHENTICWATCHES COM,4.5 out of 5 stars
"







607372



",$329.98,"Movado Ultra Slim, Stainless Steel Case, Beige Dial, Grey Calfskin Strap, Women, 0607372",,,Watchsavings,Back
"







607372



",$361.00,"Movado Ultra Slim, Stainless Steel Case, Beige Dial, Grey Calfskin Strap, Women, 0607372",,,Daily Fashion Craze,Back
"







0606335



",$344.00,Movado-0606335,,5 ratings,WatchMaxx,4.3 out of 5 stars
"







3600536



",$585.00,Movado Women's Bold Ceramic Watch (Model: 3600536),,5 ratings,RM JEWELRY,5.0 out of 5 stars
"







3600536



",$695.00,Movado Women's Bold Ceramic Watch (Model: 3600536),,5 ratings,Amazon,5.0 out of 5 stars
"







607103



",$565.00,Movado Modern Classic Quartz Movement Mother Of Pearl Dial Ladies Watch 607103,,1 rating,WatchMaxx,4 out of 5 stars
"







607207



",$603.90,"Movado Museum, Stainless Steel Case, Black Dial, Stainless Steel Bracelet, Women, 0607207",,3 ratings,Watchsavings,3.5 out of 5 stars
"







607207



",$660.48,"Movado Museum, Stainless Steel Case, Black Dial, Stainless Steel Bracelet, Women, 0607207",,3 ratings,Horology Outlet,3.5 out of 5 stars
"







607207



",$661.00,"Movado Museum, Stainless Steel Case, Black Dial, Stainless Steel Bracelet, Women, 0607207",,3 ratings,Daily Fashion Craze,3.5 out of 5 stars
"







0607157



",$247.50,Movado Ultra Slim Ladies Watch 0607157,,1 rating,Watchsavings,3.0 out of 5 stars
"







0607157



",$309.00,Movado Ultra Slim Ladies Watch 0607157,,1 rating,WatchMall,3.0 out of 5 stars
"







0607157



",$379.00,Movado Ultra Slim Ladies Watch 0607157,,1 rating,Todays Deals,3.0 out of 5 stars
"







607402



",$384.99,"Movado Ultra Slim, Pale Rose Gold PVD Case, Blue Dial, Navy Leather Strap, Women, 0607402",,,Watchsavings,Previous page of related Sponsored Products
"







0606803



",$625.82,Movado Men's 0606803 Movado Circa Stainless Steel Watch with Mesh Band,,,Daily Fashion Craze,4.5 out of 5 stars
"







0606803



",$625.82,Movado Men's 0606803 Movado Circa Stainless Steel Watch with Mesh Band,,,Daily Fashion Craze,4.5 out of 5 stars
"







0606803



",$626.57,Movado Men's 0606803 Movado Circa Stainless Steel Watch with Mesh Band,,,Watchsavings,4.5 out of 5 stars
"







0606803



",$830.00,Movado Men's 0606803 Movado Circa Stainless Steel Watch with Mesh Band,,,Pass the Watch,4.5 out of 5 stars
"







3600417



",$238.01,"Movado Women's Swiss-Quartz Watch with Gold-Plated-Stainless-Steel Strap, Rose, 19 (Model: 3600417)",,8 ratings,Watchsavings,5.0 out of 5 stars
"







3600417



",$239.00,"Movado Women's Swiss-Quartz Watch with Gold-Plated-Stainless-Steel Strap, Rose, 19 (Model: 3600417)",,8 ratings,Pass the Watch,5.0 out of 5 stars
"







3600417



",$395.00,"Movado Women's Swiss-Quartz Watch with Gold-Plated-Stainless-Steel Strap, Rose, 19 (Model: 3600417)",,8 ratings,AUTHENTICWATCHES COM,5.0 out of 5 stars
"







606935



",$318.98,Movado Veturi Goldplated Stainless Steel Ladies Watch 0606935,,7 ratings,Watchsavings,3.3 out of 5 stars
"







606935



",$320.00,Movado Veturi Goldplated Stainless Steel Ladies Watch 0606935,,7 ratings,Pass the Watch,3.3 out of 5 stars
"







3600454



",$312.24,Movado Men's Bold - 3600454 Gunmetal One Size,,,Horology Outlet,Previous page of related Sponsored Products
"







607221



",$302.50,Movado Black Dial Blue Strap Mens Watch 0607221,,2 ratings,Watchsavings,5.0 out of 5 stars
"







607221



",$382.00,Movado Black Dial Blue Strap Mens Watch 0607221,,2 ratings,Pass the Watch,5.0 out of 5 stars
"







607197



",$344.25,Movado Museum Classic Blue Dial Men's Watch 0607197,,,Horology Outlet,Previous page of related Sponsored Products
"







607197



",$344.26,Movado Museum Classic Blue Dial Men's Watch 0607197,,,Todays Deals,Previous page of related Sponsored Products
"







607197



",$349.00,Movado Museum Classic Blue Dial Men's Watch 0607197,,,Watchsavings,Previous page of related Sponsored Products
"







3600507



",$389.00,"Movado Men's BOLD Evolution Grey PVD Watch with a Flat Dot Sunray Dial, Grey/Blue (Model 3600507)",,,Luxuryfreeshop,Previous page of related Sponsored Products
"







3600507



",$495.00,"Movado Men's BOLD Evolution Grey PVD Watch with a Flat Dot Sunray Dial, Grey/Blue (Model 3600507)",,,Zappos,Previous page of related Sponsored Products
"







3650039



",$296.99,"Movado Women's Heritage Rose Gold Watch with a Printed Index Dial, Gold/Silver (Model 3650039)",,,Watchsavings,Back
"







3600538



",$660.00,"Movado Bold, Ionic Plated Black Steel Case, Black Dial, Black Steel Bracelet, Men, 3600538",,1 rating,Daily Fashion Craze,1.0 out of 5 stars
"







3600538



",$695.00,"Movado Bold, Ionic Plated Black Steel Case, Black Dial, Black Steel Bracelet, Men, 3600538",,1 rating,Zappos,1.0 out of 5 stars
"







3600517



",$312.00,Movado Men's Black Dial Watch - 3600517,,,Horology Outlet,Previous page of related Sponsored Products
"







607168.0



",$795.00,Movado Stainless Steel Case (Model: 607168.0),,4 ratings,Daily Fashion Craze,5.0 out of 5 stars
"







3650045



",$219.99,"Movado Women's Heritage Stainless Steel Watch with Printed Index Dial, Silver/White (Model 3650045)",,,Watchsavings,Previous page of related Sponsored Products
"







3600379



",$394.95,"Movado Women's Swiss Quartz Stainless Steel and Leather Watch, Color: Brown (Model: 3600379)","
4 answered questions
",40 ratings,LuxuryExpo,4.6 out of 5 stars
"







3600379



",$395.00,"Movado Women's Swiss Quartz Stainless Steel and Leather Watch, Color: Brown (Model: 3600379)","
4 answered questions
",40 ratings,AUTHENTICWATCHES COM,4.6 out of 5 stars
"







3680012



",$475.00,Movado Edge Silver Dial Stainless Steel Ladies Watch 3680012,,2 ratings,AUTHENTICWATCHES COM,5.0 out of 5 stars
"







3600463



",$274.98,Movado Bold Black Sunray Dial Unisex Rose Gold Tone Watch 3600463,,8 ratings,Watchsavings,4.3 out of 5 stars
"







3600463



",$395.00,Movado Bold Black Sunray Dial Unisex Rose Gold Tone Watch 3600463,,8 ratings,Premier Outlets,4.3 out of 5 stars
"







3600463



",$399.00,Movado Bold Black Sunray Dial Unisex Rose Gold Tone Watch 3600463,,8 ratings,Todays Deals,4.3 out of 5 stars
"







3600463



",$400.00,Movado Bold Black Sunray Dial Unisex Rose Gold Tone Watch 3600463,,8 ratings,Pass the Watch,4.3 out of 5 stars
"







0607396



",$829.00,Movado Museum Classic - 0607396 Gold One Size,,1 rating,RM JEWELRY,5.0 out of 5 stars
"







0607396



",$995.00,Movado Museum Classic - 0607396 Gold One Size,,1 rating,Zappos,5.0 out of 5 stars
"







0607232



",$713.90,Movado Esperanza Quartz Movement Green Mother Of Pearl Dial Ladies Watch 607232,,,Watchsavings,4 out of 5 stars
"







3600527



",$355.00,Movado Bold Black Dial Men's Watch 3600527,,13 ratings,AUTHENTICWATCHES COM,4.1 out of 5 stars
"







3600503



",$595.00,"Movado Women's BOLD Sugar Dial Rose Gold Watch with Flat Dot, Gold/Pink (Model 3600503)",,15 ratings,GoldNtime,5 out of 5 stars
"







3600306



",$525.00,"Movado Men's BOLD TR90 Watch with a Sunray Dot and Leather Strap, Black (Model 3600306)","
11 answered questions
",33 ratings,Daily Fashion Craze,4.4 out of 5 stars
"







0607371



",$328.90,"Movado Ultra Slim, Stainless Steel Case, Silver White Dial, Tan Calfskin Strap, Women, 0607371",,,Watchsavings,Previous page of related Sponsored Products
"







925 Sterling



",$49.65,Movado Breast Cancer Awareness Sterling Silver and Enamel Circle Pink Leather Cord Necklace,,,Luxury Bazaar,4.5 out of 5 stars
"







925 Sterling



",$49.95,Movado Breast Cancer Awareness Sterling Silver and Enamel Circle Pink Leather Cord Necklace,,,Luxury Bazaar,4.5 out of 5 stars
"







2100003



",$220.00,Museum Women's Watch,,3 ratings,Watchsavings,5.0 out of 5 stars
"







607016



",$377.28,Movado Ladies Museum Classic Analog Business Quartz Watch (Imported) 0607016,,8 ratings,Horology Outlet,3.7 out of 5 stars
"







0607358



",$544.50,"Movado Museum, Black and 5N Pvd Case, Black Dial, Black Calfskin Strap, Men, 0607358",,1 rating,Watchsavings,5.0 out of 5 stars
"







3600435



",$367.30,"Movado Women's Swiss-Quartz Watch with Gold-Plated-Stainless-Steel Strap, Rose, 15 (Model: 3600435)",,,Luxuryfreeshop,3.6 out of 5 stars
"







3600435



",$368.79,"Movado Women's Swiss-Quartz Watch with Gold-Plated-Stainless-Steel Strap, Rose, 15 (Model: 3600435)",,,Horology Outlet,3.6 out of 5 stars
"







0607005



",$569.25,Movado Women's 0607005 Analog Display Swiss Quartz Gold Watch,,3 ratings,Global Precious Brands LLC,4.1 out of 5 stars
"







0607005



",$575.00,Movado Women's 0607005 Analog Display Swiss Quartz Gold Watch,,3 ratings,Todays Deals,4.1 out of 5 stars
"







3600698



",$550.00,"Movado Women's Bold Evolution Quartz Watch with Stainless Steel Strap, Silver, 15 (Model: 3600698)",,,Amazon,2.6 out of 5 stars
"







3650029



",$695.00,Movado Heritage Black Dial Mens Chronograph Watch 3650029,,1 rating,AUTHENTICWATCHES COM,4.0 out of 5 stars
"







3600202



",$400.98,"Movado Women's BOLD Bangles Rose Gold Watch with a Flat Dot Sunray Dial, Gold/Pink (Model 3600202)",,13 ratings,Horology Outlet,4.1 out of 5 stars
"







3600641



",$375.00,"Movado Women's Bold Evolution Stainless Steel Quartz Watch with Leather Strap, Pink, 15 (Model: 3600641)",,,RM JEWELRY,5 out of 5 stars
"







3600259



",$775.00,"Movado Men's BOLD Metals Watch with a Printed Index Dial, Gunmetal Grey (Model 3600259)","
8 answered questions
",41 ratings,RM JEWELRY,4.5 out of 5 stars
"







3600259



",$795.00,"Movado Men's BOLD Metals Watch with a Printed Index Dial, Gunmetal Grey (Model 3600259)","
8 answered questions
",41 ratings,Zappos,4.5 out of 5 stars
"







2600117



","$1,003.28",Movado Men's 2600117 Series 800 Analog Swiss Quartz Black Calfskin Leather Watch,,,Premier Outlets,Previous page of related Sponsored Products
"







2600117



","$1,256.50",Movado Men's 2600117 Series 800 Analog Swiss Quartz Black Calfskin Leather Watch,,,"Amijag Ecom, LLC",Previous page of related Sponsored Products
"







3680024



",$732.67,Movado Edge Copper Tone Dial Stainless Steel Men's Watch 3680024,,1 rating,Todays Deals,3.5 out of 5 stars
"







607167



",$795.00,"Movado Men's Ultra Slim Stainless Steel Watch with a Printed Index Dial, Black/Silver (Model 607167)",,,Daily Fashion Craze,5 out of 5 stars
"







607167



",$895.00,"Movado Men's Ultra Slim Stainless Steel Watch with a Printed Index Dial, Black/Silver (Model 607167)",,,Zappos,5 out of 5 stars
"







0607065



",$348.25,Movado Rondiro Quartz Movement Black Dial Ladies Watch 0607065,,,Daily Fashion Craze,4.8 out of 5 stars
"







0607065



",$349.00,Movado Rondiro Quartz Movement Black Dial Ladies Watch 0607065,,,Luxury Bazaar,4.8 out of 5 stars
"







0607065



",$349.00,Movado Rondiro Quartz Movement Black Dial Ladies Watch 0607065,,,Luxury Bazaar,4.8 out of 5 stars
"







0607065



",$371.45,Movado Rondiro Quartz Movement Black Dial Ladies Watch 0607065,,,Watchsavings,4.8 out of 5 stars
"







0607065



",$413.00,Movado Rondiro Quartz Movement Black Dial Ladies Watch 0607065,,,Pass the Watch,4.8 out of 5 stars
"







3600413



",$208.38,Movado Women's 3600413 Analog Display Swiss Quartz Blue Watch,,12 ratings,WatchMaxx,4.8 out of 5 stars
"







3600413



",$375.00,Movado Women's 3600413 Analog Display Swiss Quartz Blue Watch,,12 ratings,AUTHENTICWATCHES COM,4.8 out of 5 stars
"







3600412



",$294.95,Movado Bold Silver Dial Grey Silicone Ladies Watch 3600412,"
7 answered questions
",27 ratings,LuxuryExpo,5 out of 5 stars
"







3600412



",$375.00,Movado Bold Silver Dial Grey Silicone Ladies Watch 3600412,"
7 answered questions
",27 ratings,AUTHENTICWATCHES COM,5 out of 5 stars
"







3600520



",$495.00,Movado Evolution Blue Pvd Watch (Model: 3600520),,5 ratings,Amazon,4.7 out of 5 stars
"







3600520



",$495.00,Movado Evolution Blue Pvd Watch (Model: 3600520),,5 ratings,RM JEWELRY,4.7 out of 5 stars
"







606379



",$499.95,"Movado Men's 606379 ""Luno Sport"" Stainless Steel Bracelet Watch",,26 ratings,LuxuryExpo,5 out of 5 stars
"







0607041



",$626.50,"Movado Men's Swiss Quartz Stainless Steel Watch, Color: Silver-Toned (Model: 0607041)","
12 answered questions
",13 ratings,Premier Outlets,4.6 out of 5 stars
"







0607063



",$823.90,Movado 1881 Automatic Movement Silver Dial Men's Watch 607063,,,Watchsavings,Previous page of related Sponsored Products
"







3600446



",$207.90,Movado Women's Bold - 3600446 Silver/Rose Gold Tone One Size,,4 ratings,Watchsavings,4.5 out of 5 stars
"







3600446



",$260.00,Movado Women's Bold - 3600446 Silver/Rose Gold Tone One Size,,4 ratings,Pass the Watch,4.5 out of 5 stars
"







3600501



",$399.00,"Movado Women's BOLD Sugar Dial Stainless Steel Watch with a Flat Dot, Silver (3600501)",,5 ratings,Luxuryfreeshop,3.9 out of 5 stars
"







3600501



",$445.50,"Movado Women's BOLD Sugar Dial Stainless Steel Watch with a Flat Dot, Silver (3600501)",,5 ratings,Daily Fashion Craze,3.9 out of 5 stars
"







3600501



",$550.00,"Movado Women's BOLD Sugar Dial Stainless Steel Watch with a Flat Dot, Silver (3600501)",,5 ratings,Zappos,3.9 out of 5 stars
"







0606369



",$399.00,Movado Blue Dial Mens Steel Watch 0606369,,5 ratings,Platinum-Deals,4.8 out of 5 stars
"







0606369



",$599.00,Movado Blue Dial Mens Steel Watch 0606369,,5 ratings,Imperial123,4.8 out of 5 stars
"







3600522



",$520.00,"Movado Women's BOLD Iconic Metal Stainless Steel Watch with Glitter Dial, Silver/Pink (3600522)",,6 ratings,Daily Fashion Craze,4.2 out of 5 stars
"







606368



",$399.00,Women's Museum Watch with Stainless Steel Strap,,4 ratings,Todays Deals,5.0 out of 5 stars
"







606368



",$495.00,Women's Museum Watch with Stainless Steel Strap,,4 ratings,AUTHENTICWATCHES COM,5.0 out of 5 stars
"







607400



",$419.00,Movado Men's Ultra Slim Grey Mid Pvd Case with a Blue Dial on a Navy Calfskin Strap (Model:0607400),,1 rating,Imperial123,3.0 out of 5 stars
"







607400



",$425.00,Movado Men's Ultra Slim Grey Mid Pvd Case with a Blue Dial on a Navy Calfskin Strap (Model:0607400),,1 rating,Watchsavings,3.0 out of 5 stars
"







607400



",$499.00,Movado Men's Ultra Slim Grey Mid Pvd Case with a Blue Dial on a Navy Calfskin Strap (Model:0607400),,1 rating,Authenticwatchesoutlet,3.0 out of 5 stars
"







3650027



",$595.00,Movado Heritage Chronograph Ladies Watch 3650027,,2 ratings,AUTHENTICWATCHES COM,5.0 out of 5 stars
"







3600502



",$445.00,"Movado Women's BOLD Sugar Dial Yellow Gold Watch with a Flat Dot, Gold (Model 3600502)",,8 ratings,Luxuryfreeshop,3.5 out of 5 stars
"







3600502



",$650.00,"Movado Women's BOLD Sugar Dial Yellow Gold Watch with a Flat Dot, Gold (Model 3600502)",,8 ratings,Zappos,3.5 out of 5 stars
"







3600660



",$470.00,Movado Bold Quartz White Dial Ladies Watch 3600660,,,Horology Outlet,Back
"







3600660



",$655.00,Movado Bold Quartz White Dial Ladies Watch 3600660,,,RM JEWELRY,Back
"







607158



",$262.90,Movado Ultra Slim Gold Dial Ladies Watch 0607158,,2 ratings,Watchsavings,5 out of 5 stars
"







607158



",$287.62,Movado Ultra Slim Gold Dial Ladies Watch 0607158,,2 ratings,Horology Outlet,5 out of 5 stars
"







607158



",$299.00,Movado Ultra Slim Gold Dial Ladies Watch 0607158,,2 ratings,Todays Deals,5 out of 5 stars
"







0606936



",$280.00,Movado Kara Black Dial Yelow Gold PVD Ladies Watch 0606936,,4 ratings,Luxury Bazaar,4.7 out of 5 stars
"







3600438



",$395.00,Movado Women's Bold - 3600438 Rose Gold Tone One Size,,10 ratings,AUTHENTICWATCHES COM,4.5 out of 5 stars
"







3600438



",$495.00,Movado Women's Bold - 3600438 Rose Gold Tone One Size,,10 ratings,WatchMaxx,4.5 out of 5 stars
"







0607098



",$354.00,Movado 1881 Silver Dial Stainless Steel Ladies Watch 0607098,,,Horology Outlet,Previous page of related Sponsored Products
"







607361



",$376.02,Movado Women's Amika Mother of Pearl Dial Watch - 607361,,,Horology Outlet,Back
"







607173



",$412.50,Movado Ultra Slim Black Dial Black Leather Men's Watch 0607173,,,Watchsavings,Previous page of related Sponsored Products
"







607173



",$428.22,Movado Ultra Slim Black Dial Black Leather Men's Watch 0607173,,,Horology Outlet,Previous page of related Sponsored Products
"







3650048



",$367.31,Movado Men's Heritage Black Leather Band Steel Case Sapphire Crystal Swiss Quartz Analog Watch 3650048,,1 rating,Todays Deals,5.0 out of 5 stars
"







2600142



","$1,199.00",Movado Sport Chronograph Watch (Model: 2600142),,8 ratings,RM JEWELRY,5 out of 5 stars
"







2600142



","$1,230.00",Movado Sport Chronograph Watch (Model: 2600142),,8 ratings,Daily Fashion Craze,5 out of 5 stars
"







2600142



","$1,295.00",Movado Sport Chronograph Watch (Model: 2600142),,8 ratings,Zappos,5 out of 5 stars
"







0606914



",$654.50,Movado Men's 0606914 Analog Display Swiss Automatic Silver Watch,,2 ratings,Watchsavings,4.5 out of 5 stars
"







0606914



",$685.40,Movado Men's 0606914 Analog Display Swiss Automatic Silver Watch,,2 ratings,Global Precious Brands LLC,4.5 out of 5 stars
"







0606914



",$750.00,Movado Men's 0606914 Analog Display Swiss Automatic Silver Watch,,2 ratings,Pass the Watch,4.5 out of 5 stars
"







3680023



",$314.24,Movado Edge Copper Dial Stainless Steel Men's Watch 3680023,,,Daily Fashion Craze,4.8 out of 5 stars
"







3680023



",$314.99,Movado Edge Copper Dial Stainless Steel Men's Watch 3680023,,,Todays Deals,4.8 out of 5 stars
"







0607043



",$521.43,"Movado Men's Swiss-Quartz Watch with Two-Tone-Stainless-Steel Strap, 23 (Model: 0607043)","
3 answered questions
",18 ratings,WatchMaxx,4.5 out of 5 stars
"







0607043



",$601.37,"Movado Men's Swiss-Quartz Watch with Two-Tone-Stainless-Steel Strap, 23 (Model: 0607043)","
3 answered questions
",18 ratings,Global Precious Brands LLC,4.5 out of 5 stars
"







3680012



",$397.50,Movado Edge Model: 3680012,,5 ratings,"Amijag Ecom, LLC",4.4 out of 5 stars
"







3680012



",$397.50,Movado Edge Model: 3680012,,5 ratings,Todays Deals,4.4 out of 5 stars
"







3680012



",$475.00,Movado Edge Model: 3680012,,5 ratings,AUTHENTICWATCHES COM,4.4 out of 5 stars
"







3600433



",$495.00,"Movado Women's BOLD Iconic Metal Stainless Watch with a Flat Dot Sunray Dial, Silver/Grey (3600433)",,5 ratings,Daily Fashion Craze,3.9 out of 5 stars
"







3600433



",$499.00,"Movado Women's BOLD Iconic Metal Stainless Watch with a Flat Dot Sunray Dial, Silver/Grey (3600433)",,5 ratings,RM JEWELRY,3.9 out of 5 stars
"







3600508



",$625.50,Movado Men's Bold Evolution Lyg Watch (Model: 3600508),"
3 answered questions
",4 ratings,Zappos,3.0 out of 5 stars
"







3600508



",$675.00,Movado Men's Bold Evolution Lyg Watch (Model: 3600508),"
3 answered questions
",4 ratings,RM JEWELRY,3.0 out of 5 stars
"







3600508



",$695.00,Movado Men's Bold Evolution Lyg Watch (Model: 3600508),"
3 answered questions
",4 ratings,Amazon,3.0 out of 5 stars
"







3600619



",$280.00,Ladies' Movado Bold Crystal Bezel Pale Gold-Tone Stainless Steel Watch 3600619,,,Watchsavings,Previous page of related Sponsored Products
"







3600639



",$416.50,Movado Bold Ceramic Rose Gold-Tone Metallic Dial Ladies Watch 3600639,,,Todays Deals,4.3 out of 5 stars
"







3600639



",$599.00,Movado Bold Ceramic Rose Gold-Tone Metallic Dial Ladies Watch 3600639,,,RM JEWELRY,4.3 out of 5 stars
"







3600605



",$695.00,"Movado Bold, Ionic Gold Plated Steel Case, Black Dial, Gold Plated Steel Bracelet, Men, 3600605","
9 answered questions
",32 ratings,RM JEWELRY,5 out of 5 stars
"







607196



",$417.05,Movado Museum Classic Black Dial Men's Watch 0607196,,1 rating,Global Precious Brands LLC,5.0 out of 5 stars
"







607196



",$439.00,Movado Museum Classic Black Dial Men's Watch 0607196,,1 rating,Luxury Bazaar,5.0 out of 5 stars
"







0607078



",$299.99,Movado Museum Black Dial Leather Strap Men's Watch 0607078,,10 ratings,Targettime,5.0 out of 5 stars
"







3600409



",$257.39,Movado Bold Gold Dial Chronograph Mens Watch 3600409,,11 ratings,Watchsavings,4.6 out of 5 stars
"







0607271



",$429.00,"Movado Men's Museum Yellow Gold Watch with Concave Dot Museum Dial, Gold/Black Strap (Model 607271)",,23 ratings,Platinum-Deals,4.7 out of 5 stars
"







0607271



",$449.00,"Movado Men's Museum Yellow Gold Watch with Concave Dot Museum Dial, Gold/Black Strap (Model 607271)",,23 ratings,Imperial123,4.7 out of 5 stars
"







0607271



",$549.00,"Movado Men's Museum Yellow Gold Watch with Concave Dot Museum Dial, Gold/Black Strap (Model 607271)",,23 ratings,RM JEWELRY,4.7 out of 5 stars
"







3600254



",$296.00,"Movado Women's BOLD Luxe Stainless Steel Watch with Roman Index Dial, Silver (Model 3600254)","
3 answered questions
",6 ratings,WatchMaxx,5.0 out of 5 stars
"







3600550



",$260.00,"Movado Women's BOLD Iconic Metal Rose Gold Watch with Sunray Dial, Gold/Pink (Model 3600550)",,4 ratings,Watchsavings,4.2 out of 5 stars
"







3600550



",$389.00,"Movado Women's BOLD Iconic Metal Rose Gold Watch with Sunray Dial, Gold/Pink (Model 3600550)",,4 ratings,Luxuryfreeshop,4.2 out of 5 stars
"







3600550



",$650.00,"Movado Women's BOLD Iconic Metal Rose Gold Watch with Sunray Dial, Gold/Pink (Model 3600550)",,4 ratings,Zappos,4.2 out of 5 stars
"







0607199



",$499.99,"Movado Men's Museum Stainless Steel Watch with Concave Dot Museum Dial, Silver/Black (Model 607199)",,15 ratings,Angel Seller,4.0 out of 5 stars
"







0607199



",$849.00,"Movado Men's Museum Stainless Steel Watch with Concave Dot Museum Dial, Silver/Black (Model 607199)",,15 ratings,RM JEWELRY,4.0 out of 5 stars
"







0606203



",$349.00,Movado Metio Black Dial Stainless Steel Men's Watch 0606203,"
3 answered questions
",10 ratings,Todays Deals,4.7 out of 5 stars
"







3600101



",$560.49,"Movado Bold, TR90 Stainless Steel Case, Black Dial, Stainless Steel Bracelet, Black, Men, 3600101","
10 answered questions
",24 ratings,WatchMaxx,5 out of 5 stars
"







3600101



",$689.00,"Movado Bold, TR90 Stainless Steel Case, Black Dial, Stainless Steel Bracelet, Black, Men, 3600101","
10 answered questions
",24 ratings,RM JEWELRY,5 out of 5 stars
"







3600101



",$750.00,"Movado Bold, TR90 Stainless Steel Case, Black Dial, Stainless Steel Bracelet, Black, Men, 3600101","
10 answered questions
",24 ratings,Zappos,5 out of 5 stars
"







3660030



",$495.00,"Movado Connect 2.0 Unisex Powered with Wear OS by Google Stainless Steel and Navy Velcro Fabric Smartwatch, Color: Navy (Model: 3660030)",,7 ratings,Amazon,3.9 out of 5 stars
"







607184



",$565.00,"Movado Amorosa, Stainless Steel Case, Black Dial, Stainless Steel Yellow Pvd Bangle, Women, 0607184",,3 ratings,Daily Fashion Craze,5.0 out of 5 stars
"







3660028



",$385.00,"Movado Connect 2.0 Unisex Powered with Wear OS by Google Stainless Steel and Black Leather Smartwatch, Color: Black (Model: 3660028)",,7 ratings,Amazon,4.1 out of 5 stars
"







3660028



",$646.17,"Movado Connect 2.0 Unisex Powered with Wear OS by Google Stainless Steel and Black Leather Smartwatch, Color: Black (Model: 3660028)",,7 ratings,Global Precious Brands LLC,4.1 out of 5 stars
"







3660025



",$347.00,"Movado Connect 2.0 Unisex Powered with Wear OS by Google Stainless Steel and Pink Sand Fabric Smartwatch, Color: Pink (Model: 3660025)",,9 ratings,Amazon,3.4 out of 5 stars
"







3660036



",$775.00,"Movado Connect 2.0 Unisex Powered with Wear OS by Google Stainless Steel and Ionic Light Gold 2 Plated Steel Smartwatch, Color: Yellow (Model: 3660036)",,5 ratings,RM JEWELRY,4.2 out of 5 stars
"







3660036



",$795.00,"Movado Connect 2.0 Unisex Powered with Wear OS by Google Stainless Steel and Ionic Light Gold 2 Plated Steel Smartwatch, Color: Yellow (Model: 3660036)",,5 ratings,Amazon,4.2 out of 5 stars
"







3600511



",$269.99,Movado Bold Black Dial Khaki Ion-Plated Men's Watch 3600511,,,UNOOWHOLESALE,Previous page of related Sponsored Products
"







606507



",$378.00,"Movado Men's 0606507 ""Museum"" Stainless Steel Watch",,11 ratings,Advance Buy,3.2 out of 5 stars
"







606507



",$378.00,"Movado Men's 0606507 ""Museum"" Stainless Steel Watch",,11 ratings,Magnum O,3.2 out of 5 stars
"







2100001



",$239.00,Museum Men's Watch,,6 ratings,Imperial123,4.7 out of 5 stars
"







2100001



",$249.00,Museum Men's Watch,,6 ratings,Todays Deals,4.7 out of 5 stars
"







3660031



",$347.00,"Movado Connect 2.0 Unisex Powered with Wear OS by Google Stainless Steel and Black Velcro Fabric Smartwatch, Color: Black (Model: 3660031)",,11 ratings,Amazon,3.4 out of 5 stars
"







605023



",$295.90,Movado Men's 605023 Juro Stainless-Steel Watch,"
10 answered questions
",60 ratings,Watchsavings,4.5 out of 5 stars
"







3680042



",$367.31,Movado Edge Men's 40 mm Blue Silicone strap watch 3680042,,2 ratings,Todays Deals,5 out of 5 stars
"







3600560



",$555.00,Movado Stainless Steel Case (Model: 3600560),,2 ratings,RM JEWELRY,3.0 out of 5 stars
"







3600560



",$565.00,Movado Stainless Steel Case (Model: 3600560),,2 ratings,Daily Fashion Craze,3.0 out of 5 stars
"







0606929



","$2,495.00",Movado Men's 0606929 Analog Display Swiss Quartz Black Watch,,1 rating,"Amijag Ecom, LLC",5.0 out of 5 stars
"







0606929



","$2,495.00",Movado Men's 0606929 Analog Display Swiss Quartz Black Watch,,1 rating,"Amijag Ecom, LLC",5.0 out of 5 stars
"







3600098



",$499.00,Movado Men's 3600098 Bold Analog Display Swiss Quartz Black Watch,,1 rating,Authenticwatchesoutlet,3.0 out of 5 stars
"







3600517



",$306.90,Movado Bold Sport Chronograph Quartz Black Dial Men's Watch 3600517,,6 ratings,Watchsavings,5 out of 5 stars
"







3600517



",$457.00,Movado Bold Sport Chronograph Quartz Black Dial Men's Watch 3600517,,6 ratings,Todays Deals,5 out of 5 stars
"







605918



",$328.00,Movado Women's 605918 Buleto Swiss Quartz Watch,,3 ratings,AJ-Watches,5.0 out of 5 stars
"







3660037



",$557.00,"Movado Connect 2.0 Unisex Powered with Wear OS by Google Stainless Steel and Ionic Plated Black Steel Smartwatch, Color: Black (Model: 3660037)",,7 ratings,Amazon,4.6 out of 5 stars
"







0607219



",$599.99,Movado Museum Stainless Steel Watch (Model: 0607219),"
4 answered questions
",35 ratings,Angel Seller,4.7 out of 5 stars
"







0607219



",$795.00,Movado Museum Stainless Steel Watch (Model: 0607219),"
4 answered questions
",35 ratings,Zappos,4.7 out of 5 stars
"







3600085



",$399.00,"Movado Women's BOLD Iconic Metal Yellow Gold Watch with a Flat Dot Sunray Dial, Gold (Model 3600085)","
11 answered questions
",34 ratings,Luxuryfreeshop,4.8 out of 5 stars
"







3600085



",$399.00,"Movado Women's BOLD Iconic Metal Yellow Gold Watch with a Flat Dot Sunray Dial, Gold (Model 3600085)","
11 answered questions
",34 ratings,Todays Deals,4.8 out of 5 stars
"







3600085



",$400.80,"Movado Women's BOLD Iconic Metal Yellow Gold Watch with a Flat Dot Sunray Dial, Gold (Model 3600085)","
11 answered questions
",34 ratings,Premier Outlets,4.8 out of 5 stars
"







3600085



",$427.14,"Movado Women's BOLD Iconic Metal Yellow Gold Watch with a Flat Dot Sunray Dial, Gold (Model 3600085)","
11 answered questions
",34 ratings,WatchMaxx,4.8 out of 5 stars
"







3600085



",$597.97,"Movado Women's BOLD Iconic Metal Yellow Gold Watch with a Flat Dot Sunray Dial, Gold (Model 3600085)","
11 answered questions
",34 ratings,GoldNtime,4.8 out of 5 stars
"







607083



",$795.00,Movado Black Dial Two-Tone Men's Watch 0607083,,,Daily Fashion Craze,Previous page of related Sponsored Products
"







3600443



",$351.00,"Movado Men's Stainless Steel Swiss-Quartz Watch with Leather Strap, Brown, 22 (Model: 3600443)",,2 ratings,WatchMaxx,3.5 out of 5 stars
"







2100002



",$208.01,Movado Men's 2100002 Museum Black Stainless Steel Watch,"
55 answered questions
",179 ratings,Watchsavings,4.5 out of 5 stars
"







2100002



",$209.00,Movado Men's 2100002 Museum Black Stainless Steel Watch,"
55 answered questions
",179 ratings,Premier Outlets,4.5 out of 5 stars
"







2100002



",$238.09,Movado Men's 2100002 Museum Black Stainless Steel Watch,"
55 answered questions
",179 ratings,VirVentures,4.5 out of 5 stars
"







2100002



",$249.99,Movado Men's 2100002 Museum Black Stainless Steel Watch,"
55 answered questions
",179 ratings,Advance Buy,4.5 out of 5 stars
"







3600296



",$735.00,"Movado Men's BOLD Metals Watch with a Printed Index Dial, Blue (Model 3600296)","
4 answered questions
",19 ratings,RM JEWELRY,4.5 out of 5 stars
"







0607376



",$383.90,Movado Men's Ultra Slim Yellow Pvd Case with a Grey Dial on a Grey Calfskin Strap (Model:0607376),,1 rating,Altman Luggage Co.,5.0 out of 5 stars
"







0607275



",$399.00,"Movado Women's Museum Yellow Gold Watch with a Concave Dot, Silver/Gold/Black Strap (Model: 607275)",,10 ratings,Platinum-Deals,5 out of 5 stars
"







0607275



",$535.50,"Movado Women's Museum Yellow Gold Watch with a Concave Dot, Silver/Gold/Black Strap (Model: 607275)",,10 ratings,Daily Fashion Craze,5 out of 5 stars
"







0607275



",$595.00,"Movado Women's Museum Yellow Gold Watch with a Concave Dot, Silver/Gold/Black Strap (Model: 607275)",,10 ratings,Zappos,5 out of 5 stars
"







607171



",$647.90,"Movado Ultra Slim, Stainless Steel Case, White Dial, Stainless Steel Bracelet, Women, 0607171",,,Watchsavings,Previous page of related Sponsored Products
"







3600474



",$219.00,Movado Bold Yellow Gold Sunray Dial Ladies Leather Watch 3600474,,3 ratings,WatchMall,5 out of 5 stars
"







3600474



",$219.00,Movado Bold Yellow Gold Sunray Dial Ladies Leather Watch 3600474,,3 ratings,Todays Deals,5 out of 5 stars
"







0607240



","$1,020.00",Movado Sapphire Chronograph Black Dial Men's Watch 0607240,,,Todays Deals,Previous page of related Sponsored Products
"







0607240



","$1,020.00",Movado Sapphire Chronograph Black Dial Men's Watch 0607240,,,Daily Fashion Craze,Previous page of related Sponsored Products
"







0607088



",$489.00,Movado Ultra Slim Blue Sunray Dial Mens Watch 0607088,,,Luxury Bazaar,Previous page of related Sponsored Products
"







0607088



",$495.00,Movado Ultra Slim Blue Sunray Dial Mens Watch 0607088,,,Luxury Bazaar,Previous page of related Sponsored Products
"







606307



","$1,250.00",Movado Men's 606307 Stainless Steel Watch,,15 ratings,Daily Fashion Craze,4.5 out of 5 stars
"







3600567



",$399.00,"Movado Bold, Stainless Steel Case, Silver Dial, Stainless Steel Bracelet, Women, 3600567",,8 ratings,Platinum-Deals,4.7 out of 5 stars
"







607378



",$399.99,"Movado Ultra Slim, Black PVD Case, Grey Dial, Beige Leather Strap, Men, 0607378",,,Flying Fashion,Previous page of related Sponsored Products
"







3600414



",$149.01,"Movado Women's Stainless Steel Swiss-Quartz Watch with Rubber Strap, Pink, 19 (Model: 3600414)",,16 ratings,Watchsavings,4.5 out of 5 stars
"







3600414



",$150.00,"Movado Women's Stainless Steel Swiss-Quartz Watch with Rubber Strap, Pink, 19 (Model: 3600414)",,16 ratings,Pass the Watch,4.5 out of 5 stars
"







3600414



",$155.67,"Movado Women's Stainless Steel Swiss-Quartz Watch with Rubber Strap, Pink, 19 (Model: 3600414)",,16 ratings,Horology Outlet,4.5 out of 5 stars
"







3600436



",$315.00,"Movado Bold, Stainless Steel Case, Blue Dial, Stainless Steel Bracelet, Women, 3600436",,5 ratings,Luxuryfreeshop,3.9 out of 5 stars
"







3600436



",$315.13,"Movado Bold, Stainless Steel Case, Blue Dial, Stainless Steel Bracelet, Women, 3600436",,5 ratings,WatchMaxx,3.9 out of 5 stars
"







3600436



",$487.20,"Movado Bold, Stainless Steel Case, Blue Dial, Stainless Steel Bracelet, Women, 3600436",,5 ratings,GoldNtime,3.9 out of 5 stars
"







0607350



",$376.29,Movado Museum Classic Mother of Pearl Dial Ladies Watch 0607350,,3 ratings,Global Precious Brands LLC,2.5 out of 5 stars
"







3600084



",$363.87,"Movado Women's BOLD Iconic Metal Watch with a Flat Dot Sunray Dial, Silver/Pink/Gold (Model 3600084)","
7 answered questions
",22 ratings,Luxuryfreeshop,5 out of 5 stars
"







3600084



",$365.36,"Movado Women's BOLD Iconic Metal Watch with a Flat Dot Sunray Dial, Silver/Pink/Gold (Model 3600084)","
7 answered questions
",22 ratings,WatchMaxx,5 out of 5 stars
"







3600084



",$365.36,"Movado Women's BOLD Iconic Metal Watch with a Flat Dot Sunray Dial, Silver/Pink/Gold (Model 3600084)","
7 answered questions
",22 ratings,WatchMaxx,5 out of 5 stars
"







3600084



",$389.99,"Movado Women's BOLD Iconic Metal Watch with a Flat Dot Sunray Dial, Silver/Pink/Gold (Model 3600084)","
7 answered questions
",22 ratings,Angel Seller,5 out of 5 stars
"







3600084



",$398.39,"Movado Women's BOLD Iconic Metal Watch with a Flat Dot Sunray Dial, Silver/Pink/Gold (Model 3600084)","
7 answered questions
",22 ratings,Premier Outlets,5 out of 5 stars
"







3600084



",$495.00,"Movado Women's BOLD Iconic Metal Watch with a Flat Dot Sunray Dial, Silver/Pink/Gold (Model 3600084)","
7 answered questions
",22 ratings,Daily Fashion Craze,5 out of 5 stars
"







3600084



",$550.00,"Movado Women's BOLD Iconic Metal Watch with a Flat Dot Sunray Dial, Silver/Pink/Gold (Model 3600084)","
7 answered questions
",22 ratings,Zappos,5 out of 5 stars
"







0607243



",$299.00,Movado Stratus Quartz Movement Black Dial Men's Watch 607243,,5 ratings,Platinum-Deals,5.0 out of 5 stars
"







0607243



",$597.00,Movado Stratus Quartz Movement Black Dial Men's Watch 607243,,5 ratings,"Amijag Ecom, LLC",5.0 out of 5 stars
"







605746



",$495.00,Movado Men's 605746 Sport Silver/Black Stainless Steel Watch,"
9 answered questions
",10 ratings,AUTHENTICWATCHES COM,5 out of 5 stars
"







3600189



",$325.00,Movado Bold Brown Dial Stainless Steel Bracelet Unisex Watch 3600189,,8 ratings,Todays Deals,4.7 out of 5 stars
"







3660023



",$385.00,"Movado Connect 2.0 Unisex Powered with Wear OS by Google Stainless Steel and Pink Leather Smartwatch, Color: Pink (Model: 3660023)",,10 ratings,Amazon,2.5 out of 5 stars
"







3600497



",$416.50,Movado Bold Quartz Movement Silver Dial Ladies Watch 3600497,,1 rating,Todays Deals,4.7 out of 5 stars
"







3600497



",$595.00,Movado Bold Quartz Movement Silver Dial Ladies Watch 3600497,,1 rating,GoldNtime,4.7 out of 5 stars
"







606068



",$699.00,Movado Men's 606068 Esperanza Gold-Plated Stainless-Steel Watch,,2 ratings,Platinum-Deals,5 out of 5 stars
