bracelet,case_diameter,case_material,crystal,dial,gender,in_stock,model_number,movement,online_exclusive,price,strap,url,watch_model,water_resistance
grey ion-plated stainless steel link bracelet,40,grey ion-plated stainless steel,K1,grey Museum with flat dot,unisex,In Stock,3600509,Swiss quartz movement,No,$695.00,,https://www.movado.com/us/en/shop-watches/movado-bold-evolution-3600509.html,Movado BOLD Evolution,3 ATM
,35.1,carnation gold ion-plated stainless steel,K1,pink Museum with concave dot,women's,In Stock,3640011,Swiss quartz movement,No,$350.00,pink leather,https://www.movado.com/us/en/shop-watches/movado-face-3640011.html,Movado Face,3 ATM
pale gold ion-plated stainless steel mesh bracelet,34,pale gold ion-plated stainless steel,K1,gold-toned metallic Museum with flat dot,Women's,In Stock,3600653,Swiss quartz movement,No,$550.00,,https://www.movado.com/us/en/shop-watches/movado-bold-evolution-3600653.html,Movado BOLD Evolution,3 ATM
pale gold ion-plated stainless steel link bracelet,34,pale gold ion-plated stainless steel,K1,gold-toned metallic Museum with crystal set dot,Women's,In Stock,3600649,Swiss quartz movement,No,$695.00,,https://www.movado.com/us/en/shop-watches/movado-bold-evolution-3600649.html,Movado BOLD Evolution,3 ATM
,42,grey ion-plated stainless steel,K1,white with printed index,men's,In Stock,3600631,Swiss quartz chronograph movement,No,$650.00,brown leather,https://www.movado.com/us/en/shop-watches/movado-bold-thin-3600631.html,Movado BOLD Thin,3 ATM
,42,black TR90 composite material and stainless steel,K1,blue Museum with flat dot,men's,In Stock,3600601,Swiss quartz movement,No,$395.00,dark navy leather,https://www.movado.com/us/en/shop-watches/movado-bold-tr90-3600601.html,Movado BOLD TR90,3 ATM
yellow gold ion-plated stainless steel link bracelet,44,yellow gold ion-plated stainless steel,K1,gold-toned metallic with printed index,men's,In Stock,3600278,Swiss quartz chronograph movement,No,$995.00,,https://www.movado.com/us/en/shop-watches/movado-bold-metals-3600278.html,Movado BOLD Metals,30 meters
black ion-plated stainless steel mesh bracelet,40,black ion-plated stainless steel,K1,black Museum with flat dot,men's,In Stock,3600562,Swiss quartz movement,No,$595.00,,https://www.movado.com/us/en/shop-watches/movado-bold-evolution-3600562.html,Movado BOLD Evolution,3 ATM
,34,stainless steel,K1,silver-toned metallic Museum with flat dot,Women's,In Stock,3600641,Swiss quartz movement,No,$395.00,pink leather,https://www.movado.com/us/en/shop-watches/movado-bold-evolution-3600641.html,Movado BOLD Evolution,3 ATM
blush ceramic link bracelet,36,blush ceramic and stainless steel,K1,blush Museum with flat dot,Women's,In Stock,3600709,Swiss quartz movement,No,$650.00,,https://www.movado.com/us/en/shop-watches/movado-bold-evolution-3600709.html,Movado BOLD Evolution,3 ATM
yellow PVD-finished stainless steel mesh bracelet,40,yellow PVD-finished stainless steel,sapphire,black Museum with concave dot,men's,In Stock,0607396,Swiss quartz movement,No,$995.00,,https://www.movado.com/us/en/shop-watches/museum-classic-0607396.html,Museum Classic,30 meters
,43,stainless steel,K1,white Museum with concave dot,men's,In Stock,3640037,Swiss quartz chronograph movement,MOVADO.COM EXCLUSIVE,$550.00,brown leather,https://www.movado.com/us/en/shop-watches/movado-face-3640037.html,Movado Face,3 ATM
blue ion-plated stainless steel mesh bracelet,34,blue ion-plated stainless steel,K1,blue Museum with flat dot,Women's,In Stock,3600675,Swiss quartz movement,No,$550.00,,https://www.movado.com/us/en/shop-watches/movado-bold-evolution-3600675.html,Movado BOLD Evolution,3 ATM
Performance Steel™ link bracelet,42,stainless steel and aluminum,sapphire,black with printed index,men's,In Stock,2600142,Swiss quartz chronograph movement,No,"$1,295.00",,https://www.movado.com/us/en/shop-watches/series-800-2600142.html,Series 800,200 meters
,40,light yellow gold PVD-finished stainless steel,sapphire,white Museum with flat dot,unisex,In Stock,0607502,Swiss quartz movement,MOVADO.COM EXCLUSIVE,$695.00,white calfskin,https://www.movado.com/us/en/shop-watches/modern-47-0607502.html,Modern 47,30 meters
,42,gunmetal ion-plated stainless steel,Gorilla Glass,,Unisex,In Stock,3660031,Smart module,No,$495.00,black velcro fabric,https://www.movado.com/us/en/shop-watches/42mm-movado-connect-2.0-3660031.html,42mm Movado Connect 2.0,IPX8 / 1 ATM
yellow gold ion-plated stainless steel link bracelet,36,yellow gold ion-plated stainless steel,K1,gold-toned metallic Museum with flat dot,women's,Out of Stock,3600104,Swiss quartz movement,No,$695.00,,https://www.movado.com/us/en/shop-watches/movado-bold-metals-3600104.html,Movado BOLD Metals,30 meters
yellow gold ion-plated stainless steel link bracelet,43,yellow gold ion-plated stainless steel,sapphire,navy with printed index,men's,Out of Stock,3650015,Swiss quartz chronograph movement,No,"$1,095.00",,https://www.movado.com/us/en/shop-watches/movado-heritage-series-3650015.html,Movado Heritage Series,3 ATM
,42,stainless steel,sapphire,blue with printed index,men's,Out of Stock,3650061,Swiss quartz chronograph movement,No,$795.00,chocolate leather,https://www.movado.com/us/en/shop-watches/movado-heritage-series-3650061.html,Movado Heritage Series,5 ATM
Performance Steel™ link bracelet,42,stainless steel and aluminum,sapphire,blue with printed index,men's,Out of Stock,2600141,Swiss quartz chronograph movement,No,"$1,295.00",,https://www.movado.com/us/en/shop-watches/series-800-2600141.html,Series 800,200 meters
stainless steel and yellow PVD link bracelet,42,black aluminum stainless steel and yellow PVD,sapphire,black with printed index,men's,Out of Stock,2600146,Swiss quartz chronograph movement,No,"$1,495.00",,https://www.movado.com/us/en/shop-watches/series-800-2600146.html,Series 800,200 meters
blue ion-plated stainless steel link bracelet,44,blue ion-plated stainless steel,K1,blue with printed index,unisex,Out of Stock,3600279,Swiss quartz chronograph movement,No,$995.00,,https://www.movado.com/us/en/shop-watches/movado-bold-metals-3600279.html,Movado BOLD Metals,30 meters
stainless steel link bracelet,40,stainless steel and aluminum,sapphire,blue with printed index,men's,Out of Stock,2600137,Swiss quartz movement,No,$995.00,,https://www.movado.com/us/en/shop-watches/series-800-2600137.html,Series 800,200 meters
,41,black ion-plated stainless steel,K1,black Museum with concave dot,men's,Out of Stock,3640002,Swiss quartz movement,No,$350.00,black leather,https://www.movado.com/us/en/shop-watches/movado-face-3640002.html,Movado Face,3 ATM
,41,yellow gold ion-plated stainless steel,K1,gold-toned metallic Museum with concave dot,men's,Out of Stock,3640005,Swiss quartz movement,No,$350.00,blue leather,https://www.movado.com/us/en/shop-watches/movado-face-3640005.html,Movado Face,3 ATM
grey ion-plated stainless steel mesh bracelet,34,grey ion-plated 1 stainless steel,K1,grey Museum with flat dot,women's,Out of Stock,3600581,Swiss quartz movement,No,$595.00,,https://www.movado.com/us/en/shop-watches/movado-bold-shimmer-3600581.html,Movado BOLD Shimmer,3 ATM
,42,black ion-plated stainless steel,K1,black Museum with flat dot,men's,Out of Stock,3600587,Swiss quartz movement,No,$495.00,black leather,https://www.movado.com/us/en/shop-watches/movado-bold-thin-3600587.html,Movado BOLD Thin,3 ATM
,41,blue ion-plated stainless steel,K1,blue Museum with concave dot,men's,Out of Stock,3640032,Swiss quartz movement,No,$350.00,brown leather,https://www.movado.com/us/en/shop-watches/movado-face-3640032.html,Movado Face,3 ATM
light gold ion-plated stainless steel bangle bracelet,28,light gold ion-plated stainless steel,K1,yellow mother-of-pearl Museum with crystal-set dot,women's,Out of Stock,3600627,Swiss quartz movement,No,$495.00,,https://www.movado.com/us/en/shop-watches/movado-bold-bangle-3600627.html,Movado BOLD Bangle,3 ATM
stainless steel link bracelet,42,stainless steel,Gorilla Glass,,Unisex,Out of Stock,3660035,Smart module,No,$795.00,,https://www.movado.com/us/en/shop-watches/42mm-movado-connect-2.0-3660035.html,42mm Movado Connect 2.0,IPX8 / 1 ATM
black ion-plated stainless steel link bracelet,42.3,black ion-plated stainless steel,K1,black with printed index,men's,Out of Stock,3600662,Swiss quartz movement,No,$795.00,,https://www.movado.com/us/en/shop-watches/movado-bold-fusion-3600662.html,Movado BOLD Fusion,3 ATM
blue ion-plated stainless steel link bracelet,42.3,blue ion-plated stainless steel,K1,blue with printed index,men's,Out of Stock,3600661,Swiss quartz movement,No,$795.00,,https://www.movado.com/us/en/shop-watches/movado-bold-fusion-3600661.html,Movado BOLD Fusion,3 ATM
,42.3,bronze ion-plated stainless steel,K1,black with applied markers,men's,Out of Stock,3600622,Swiss quartz movement,No,$595.00,black silicone,https://www.movado.com/us/en/shop-watches/movado-bold-fusion-3600622.html,Movado BOLD Fusion,3 ATM
stainless steel link bracelet,40,stainless steel and aluminum,sapphire,black with printed index,men's,Out of Stock,2600135,Swiss quartz movement,No,$995.00,,https://www.movado.com/us/en/shop-watches/series-800-2600135.html,Series 800,200 meters
,42,blue ion-plated stainless steel,K1,blue Museum with flat dot,men's,Out of Stock,3600585,Swiss quartz movement,No,$495.00,brown nappa leather,https://www.movado.com/us/en/shop-watches/movado-bold-thin-3600585.html,Movado BOLD Thin,3 ATM
stainless steel link bracelet,39.5,stainless steel,sapphire,silver-toned metallic with printed index,men's,Out of Stock,0607462,Swiss automatic movement,No,"$1,395.00",,https://www.movado.com/us/en/shop-watches/1881-automatic-0607462.html,1881 Automatic,30 meters
stainless steel link bracelet,40,stainless steel and aluminum,sapphire,black with printed index,men's,Out of Stock,2600152,Swiss quartz movement,No,$995.00,,https://www.movado.com/us/en/shop-watches/series-800-2600152.html,Series 800,200 meters
,42,yellow gold ion-plated stainless steel,sapphire,green with printed index,men's,Out of Stock,3650062,Swiss quartz chronograph movement,No,$850.00,cognac leather,https://www.movado.com/us/en/shop-watches/movado-heritage-series-3650062.html,Movado Heritage Series,5 ATM
,40,stainless steel rose gold PVD,sapphire,black Museum with concave dot,men's,Out of Stock,0607272,Swiss quartz movement,No,$595.00,black calfskin,https://www.movado.com/us/en/shop-watches/museum-classic-0607272.html,Museum Classic,30 meters
,40,black PVD-finished stainless steel,sapphire,black Museum with flat dot,men's,Out of Stock,0607430,Swiss quartz movement,No,$695.00,black calfskin,https://www.movado.com/us/en/shop-watches/modern-47-0607430.html,Modern 47,30 meters
,42,grey ion-plated stainless steel,sapphire,black with printed index,men's,Out of Stock,3650060,Swiss quartz chronograph movement,No,$850.00,cognac leather,https://www.movado.com/us/en/shop-watches/movado-heritage-series-3650060.html,Movado Heritage Series,5 ATM
stainless steel link bracelet,40,stainless steel and aluminum,sapphire,green with printed index,men's,Out of Stock,2600136,Swiss quartz movement,No,$995.00,,https://www.movado.com/us/en/shop-watches/series-800-2600136.html,Series 800,200 meters
stainless steel link bracelet,39.5,stainless steel,sapphire,black with printed index,men's,Out of Stock,0607461,Swiss automatic movement,No,"$1,395.00",,https://www.movado.com/us/en/shop-watches/1881-automatic-0607461.html,1881 Automatic,30 meters
,40,stainless steel,sapphire,black with printed index,men's,Out of Stock,3650001,Swiss quartz movement,No,$595.00,cognac leather,https://www.movado.com/us/en/shop-watches/movado-heritage-series-3650001.html,Movado Heritage Series,3 ATM
,40,carnation gold ion-plated stainless steel,Gorilla Glass,,Unisex,Out of Stock,3660023,Smart module,No,$550.00,pink leather,https://www.movado.com/us/en/shop-watches/40mm-movado-connect-2.0-3660023.html,40mm Movado Connect 2.0,IPX8 / 1 ATM
stainless steel link bracelet,36,stainless steel,K1,Silver and white Museum with flat dot,women's,Out of Stock,3600334,Swiss quartz movement,No,$595.00,,https://www.movado.com/us/en/shop-watches/movado-bold-metals-3600334.html,Movado BOLD Metals,3 ATM
light gold ion-plated stainless steel mesh bracelet,40,light gold ion-plated stainless steel,Gorilla Glass,,Unisex,Out of Stock,3660026,Smart module,No,$695.00,,https://www.movado.com/us/en/shop-watches/40mm-movado-connect-2.0-3660026.html,40mm Movado Connect 2.0,IPX8 / 1 ATM
TR90 composite material and stainless steel link bracelet,42,TR90 composite material and stainless steel,K1,black Museum with flat dot,men's,Out of Stock,3600047,Swiss quartz movement,No,$595.00,,https://www.movado.com/us/en/shop-watches/movado-bold-tr90-3600047.html,Movado BOLD TR90,30 meters
,42,black TR90 composite material and stainless steel,K1,black Museum with flat dot,unisex,Out of Stock,3600306,Swiss quartz movement,No,$395.00,black Colorado leather,https://www.movado.com/us/en/shop-watches/movado-bold-tr90-3600306.html,Movado BOLD TR90,3 ATM
,42.3,blue ion-plated stainless steel,K1,black with applied markers,men's,In Stock,3600626,Swiss quartz movement,No,$595.00,black silicone,https://www.movado.com/us/en/shop-watches/movado-bold-fusion-3600626.html,Movado BOLD Fusion,3 ATM
stainless steel link bracelet,40,stainless steel,sapphire,black Museum with concave dot,men's,In Stock,0607199,Swiss quartz movement,No,$895.00,,https://www.movado.com/us/en/shop-watches/museum-classic-0607199.html,Museum Classic,30 meters
,42,black ion-plated stainless steel,Gorilla Glass,,Unisex,In Stock,3660029,Smart module,No,$550.00,black leather,https://www.movado.com/us/en/shop-watches/42mm-movado-connect-2.0-3660029.html,42mm Movado Connect 2.0,IPX8 / 1 ATM
stainless steel and yellow PVD link bracelet,40,stainless steel and yellow PVD,sapphire,black Museum with concave dot,men's,In Stock,0607200,Swiss quartz movement,No,$995.00,,https://www.movado.com/us/en/shop-watches/museum-classic-0607200.html,Museum Classic,30 meters
stainless steel mesh bracelet,41,blue ion-plated stainless steel,K1,blue Museum with concave dot,men's,In Stock,3640009,Swiss quartz movement,No,$450.00,,https://www.movado.com/us/en/shop-watches/movado-face-3640009.html,Movado Face,3 ATM
,40,grey mid PVD-finished stainless steel,sapphire,black Museum with flat dot,men's,In Stock,0607391,Swiss quartz movement,No,$695.00,black calfskin,https://www.movado.com/us/en/shop-watches/modern-47-0607391.html,Modern 47,30 meters
light gold ion-plated stainless steel link bracelet,42,light gold ion-plated stainless steel,Gorilla Glass,,Unisex,In Stock,3660036,Smart module,No,$795.00,,https://www.movado.com/us/en/shop-watches/42mm-movado-connect-2.0-3660036.html,42mm Movado Connect 2.0,IPX8 / 1 ATM
stainless steel mesh bracelet,41,yellow gold ion-plated stainless steel,K1,gold-toned metallic Museum with concave dot,men's,In Stock,3640007,Swiss quartz movement,No,$450.00,,https://www.movado.com/us/en/shop-watches/movado-face-3640007.html,Movado Face,3 ATM
stainless steel bangle bracelet,27,stainless steel,K1,white mother-of-pearl Museum with concave dot,women's,In Stock,0607361,Swiss quartz movement,No,$695.00,,https://www.movado.com/us/en/shop-watches/amika-0607361.html,Amika,30 meters
,34,beige gold ion-plated stainless steel,K1,beige Museum with flat dot,Women's,In Stock,3600646,Swiss quartz movement,MOVADO.COM EXCLUSIVE,$450.00,grey leather,https://www.movado.com/us/en/shop-watches/movado-bold-evolution-3600646.html,Movado BOLD Evolution,3 ATM
,42,black TR90 composite material and stainless steel,K1,black Museum with flat dot,men's,In Stock,3600600,Swiss quartz movement,No,$450.00,cognac Colorado leather,https://www.movado.com/us/en/shop-watches/movado-bold-tr90-3600600.html,Movado BOLD TR90,3 ATM
,40,stainless steel,sapphire,black Museum with flat dot,men's,In Stock,0607262,Swiss quartz movement,No,$595.00,black calfskin,https://www.movado.com/us/en/shop-watches/modern-47-0607262.html,Modern 47,30 meters
stainless steel and carnation PVD bangle bracelet,27,carnation PVD-finished stainless steel,K1,white mother-of-pearl Museum with concave dot,women's,In Stock,0607363,Swiss quartz movement,No,$795.00,,https://www.movado.com/us/en/shop-watches/amika-0607363.html,Amika,30 meters
yellow gold ion-plated stainless steel link bracelet,42.5,yellow gold ion-plated stainless steel,K1,gold-toned metallic with printed index,men's,In Stock,3600258,Swiss quartz movement,No,$795.00,,https://www.movado.com/us/en/shop-watches/movado-bold-metals-3600258.html,Movado BOLD Metals,3 ATM
,40,light gold ion-plated stainless steel,Gorilla Glass,,Unisex,In Stock,3660024,Smart module,No,$550.00,light grey leather,https://www.movado.com/us/en/shop-watches/40mm-movado-connect-2.0-3660024.html,40mm Movado Connect 2.0,IPX8 / 1 ATM
yellow PVD-finished stainless steel link bracelet,40,yellow PVD-finished stainless steel,sapphire,black Museum with concave dot,men's,In Stock,0607203,Swiss quartz movement,No,"$1,195.00",,https://www.movado.com/us/en/shop-watches/museum-classic-0607203.html,Museum Classic,30 meters
pale gold ion-plated stainless steel mesh bracelet,34,pale gold ion-plated stainless steel,K1,light gold Museum with crystal set dot,Women's,In Stock,3600699,Swiss quartz movement,No,$650.00,,https://www.movado.com/us/en/shop-watches/movado-bold-evolution-3600699.html,Movado BOLD Evolution,3 ATM
,40,yellow PVD-finished stainless steel,sapphire,black Museum with concave dot,men's,In Stock,0607271,Swiss quartz movement,No,$595.00,black calfskin,https://www.movado.com/us/en/shop-watches/museum-classic-0607271.html,Museum Classic,30 meters
black ion-plated stainless steel link bracelet,42,black ion-plated stainless steel,Gorilla Glass,,Unisex,In Stock,3660037,Smart module,No,$795.00,,https://www.movado.com/us/en/shop-watches/42mm-movado-connect-2.0-3660037.html,42mm Movado Connect 2.0,IPX8 / 1 ATM
,42,black ion-plated stainless steel,K1,black with Arabic index,men's,In Stock,3600695,Swiss quartz movement,No,$595.00,grey leather,https://www.movado.com/us/en/shop-watches/movado-bold-verso-3600695.html,Movado BOLD Verso,3 ATM
,40,black ion-plated stainless steel,K1,gold-toned metallic unadorned,men's,In Stock,3600676,Swiss quartz movement,No,$595.00,black leather,https://www.movado.com/us/en/shop-watches/movado-bold-evolution-3600676.html,Movado BOLD Evolution,3 ATM
,40,carnation gold ion-plated stainless steel,Gorilla Glass,,Unisex,In Stock,3660025,Smart module,No,$495.00,pink sand fabric,https://www.movado.com/us/en/shop-watches/40mm-movado-connect-2.0-3660025.html,40mm Movado Connect 2.0,IPX8 / 1 ATM
carnation gold ion-plated stainless steel bangle bracelet,28,carnation gold ion-plated stainless steel,K1,carnation gold mother-of-pearl Museum with crystal-set dot,women's,In Stock,3600628,Swiss quartz movement,No,$495.00,,https://www.movado.com/us/en/shop-watches/movado-bold-bangle-3600628.html,Movado BOLD Bangle,3 ATM
,42,black TR90 composite material and stainless steel,K1,black Museum with flat dot,men's,In Stock,3600305,Swiss quartz movement,No,$395.00,cognac Colorado leather,https://www.movado.com/us/en/shop-watches/movado-bold-tr90-3600305.html,Movado BOLD TR90,3 ATM
yellow gold ion-plated stainless steel mesh bracelet,42,yellow gold ion-plated stainless steel,K1,gold-toned metallic Museum with flat dot,men's,In Stock,3600588,Swiss quartz movement,No,$595.00,,https://www.movado.com/us/en/shop-watches/movado-bold-thin-3600588.html,Movado BOLD Thin,3 ATM
pale gold ion-plated stainless steel mesh bracelet,34,pale gold ion-plated stainless steel,K1,light gold Museum with flat dot,Women's,In Stock,3600656,Swiss quartz movement,No,$595.00,,https://www.movado.com/us/en/shop-watches/movado-bold-shimmer-3600656.html,Movado BOLD Shimmer,3 ATM
black ion-plated stainless steel link bracelet,40,black ion-plated stainless steel,K1,black Museum with flat dot,men's,In Stock,3600538,Swiss quartz movement,No,$695.00,,https://www.movado.com/us/en/shop-watches/movado-bold-evolution-3600538.html,Movado BOLD Evolution,3 ATM
stainless steel mesh bracelet,35,stainless steel,K1,silver white Museum with flat dot,women's,In Stock,3600595,Swiss quartz movement,No,$495.00,,https://www.movado.com/us/en/shop-watches/movado-bold-thin-3600595.html,Movado BOLD Thin,3 ATM
stainless steel rose gold PVD link bracelet,26,stainless steel rose gold PVD,sapphire,black Museum with concave dot,women's,In Stock,0607064,Swiss automatic movement,No,"$1,995.00",,https://www.movado.com/us/en/shop-watches/red-label-0607064.html,Red Label,30 meters
stainless steel and yellow PVD link bracelet,26,stainless steel and yellow PVD,sapphire,black Museum with concave dot,women's,In Stock,0607011,Swiss automatic movement,No,"$1,895.00",,https://www.movado.com/us/en/shop-watches/red-label-0607011.html,Red Label,30 meters
yellow gold ion-plated stainless steel link bracelet,31,yellow gold ion-plated stainless steel,sapphire,Silver and white with printed index,women's,In Stock,3650038,Swiss quartz movement,No,$895.00,,https://www.movado.com/us/en/shop-watches/movado-heritage-series-3650038.html,Movado Heritage Series,5 ATM
yellow PVD-finished stainless steel mesh bracelet,28,yellow PVD-finished stainless steel with diamonds,sapphire,white mother-of-pearl Museum with concave dot,women's,In Stock,0607307,Swiss quartz movement,No,"$1,995.00",,https://www.movado.com/us/en/shop-watches/museum-classic-0607307.html,Museum Classic,30 meters
yellow PVD-finished stainless steel link bracelet,,yellow PVD-finished stainless steel,sapphire,black with a single cabochon marker,women's,In Stock,0607189,Swiss quartz movement,No,"$1,295.00",,https://www.movado.com/us/en/shop-watches/la-nouvelle-0607189.html,La Nouvelle,30 meters
stainless steel link bracelet,31,stainless steel,sapphire,Silver and white with printed index,women's,In Stock,3650069,Swiss quartz movement,No,"$1,395.00",,https://www.movado.com/us/en/shop-watches/movado-heritage-series-3650069.html,Movado Heritage Series,3 ATM
stainless steel link bracelet,,stainless steel with diamonds,sapphire,black with a single cabochon marker,women's,In Stock,0607190,Swiss quartz movement,No,"$1,795.00",,https://www.movado.com/us/en/shop-watches/la-nouvelle-0607190.html,La Nouvelle,30 meters
yellow gold ion-plated stainless steel link bracelet,34,yellow gold ion-plated stainless steel,K1,gold-toned metallic Museum with flat dot,women's,In Stock,3600502,Swiss quartz movement,No,$650.00,,https://www.movado.com/us/en/shop-watches/movado-bold-shimmer-3600502.html,Movado BOLD Shimmer,3 ATM
,42,grey and black PVD-finished stainless steel,sapphire,black with printed index,men's,In Stock,0607264,Swiss quartz movement,No,$795.00,green calfskin,https://www.movado.com/us/en/shop-watches/museum-sport-0607264.html,Museum Sport,30 meters
gunmetal ion-plated stainless steel link bracelet,44,gunmetal ion-plated stainless steel,K1,gunmetal with printed index,men's,In Stock,3600277,Swiss quartz chronograph movement,No,$995.00,,https://www.movado.com/us/en/shop-watches/movado-bold-metals-3600277.html,Movado BOLD Metals,30 meters
stainless steel link bracelet,43,stainless steel,sapphire,black with printed index,men's,In Stock,0607239,Swiss quartz chronograph movement,No,"$1,995.00",,https://www.movado.com/us/en/shop-watches/sapphire-0607239.html,Sapphire,30 meters
stainless steel mesh bracelet,34,stainless steel,K1,silver-toned metallic Museum with flat dot,women's,In Stock,3600579,Swiss quartz movement,No,$495.00,,https://www.movado.com/us/en/shop-watches/movado-bold-shimmer-3600579.html,Movado BOLD Shimmer,3 ATM
carnation gold ion-plated stainless steel mesh bracelet,36,carnation gold ion-plated stainless steel,sapphire,white mother-of-pearl with printed index,women's,In Stock,3650090,Swiss quartz movement,No,$695.00,,https://www.movado.com/us/en/shop-watches/movado-heritage-series-3650090.html,Movado Heritage Series,3 ATM
stainless steel link bracelet,32,two-tone stainless steel,K1,silver white with Roman index,women's,In Stock,3600592,Swiss quartz movement,No,$595.00,,https://www.movado.com/us/en/shop-watches/movado-bold-luxe-3600592.html,Movado BOLD Luxe,3 ATM
stainless steel mesh bracelet,28,stainless steel,sapphire,white mother-of-pearl Museum with concave dot,women's,In Stock,0607350,Swiss quartz movement,No,$795.00,,https://www.movado.com/us/en/shop-watches/museum-classic-0607350.html,Museum Classic,30 meters
,42.3,grey ion-plated stainless steel,K1,black with applied markers,men's,In Stock,3600625,Swiss quartz movement,No,$595.00,black silicone,https://www.movado.com/us/en/shop-watches/movado-bold-fusion-3600625.html,Movado BOLD Fusion,3 ATM
grey ion-plated stainless steel mesh bracelet,42,grey ion-plated stainless steel,K1,grey with printed index,men's,In Stock,3600635,Swiss quartz chronograph movement,No,$795.00,,https://www.movado.com/us/en/shop-watches/movado-bold-thin-3600635.html,Movado BOLD Thin,3 ATM
rose gold ion-plated stainless steel mesh bracelet,36,rose gold ion-plated stainless steel,sapphire,white mother-of-pearl with printed index,Women's,In Stock,3650103,Swiss Quartz Multifunction Movement,No,$895.00,,https://www.movado.com/us/en/shop-watches/movado-heritage-series-3650103.html,Movado Heritage Series,3 ATM
,28,stainless steel rose gold PVD,sapphire,black Museum with concave dot,Women's,In Stock,0607206,Swiss quartz movement,No,$595.00,black leather,https://www.movado.com/us/en/shop-watches/museum-classic-0607206.html,Museum Classic,30 meters
,40,blue ion-plated stainless steel,K1,blue Museum with flat dot,men's,In Stock,3600691,Swiss quartz movement,No,$495.00,beige waxed canvas,https://www.movado.com/us/en/shop-watches/movado-bold-evolution-3600691.html,Movado BOLD Evolution,3 ATM
pale rose gold ion-plated stainless steel link bracelet,34,pale rose gold ion-plated stainless steel,K1,carnation gold Museum with crystal set dot,Women's,In Stock,3600650,Swiss quartz movement,No,$695.00,,https://www.movado.com/us/en/shop-watches/movado-bold-evolution-3600650.html,Movado BOLD Evolution,3 ATM
stainless steel link bracelet,28,stainless steel,sapphire,black Museum with concave dot,women's,In Stock,0607051,Swiss quartz movement,No,$995.00,,https://www.movado.com/us/en/shop-watches/esperanza-0607051.html,Esperanza,30 meters
,28,stainless steel rose gold PVD,sapphire,black Museum with concave dot,women's,In Stock,0607276,Swiss quartz movement,No,$595.00,black calfskin,https://www.movado.com/us/en/shop-watches/museum-classic-0607276.html,Museum Classic,30 meters
,42,grey ion-plated stainless steel,K1,grey with printed index,men's,In Stock,3600681,Swiss quartz chronograph movement,No,$695.00,black leather,https://www.movado.com/us/en/shop-watches/movado-bold-evolution-3600681.html,Movado BOLD Evolution,3 ATM
stainless steel link bracelet,28,stainless steel,sapphire,black Museum with concave dot,women's,In Stock,0607397,Swiss quartz movement,No,$895.00,,https://www.movado.com/us/en/shop-watches/museum-classic-0607397.html,Museum Classic,30 meters
carnation PVD-finished stainless steel mesh bracelet,28,carnation PVD-finished stainless steel,sapphire,black mother-of-pearl Museum with concave dot,women's,In Stock,0607426,Swiss quartz movement,No,$995.00,,https://www.movado.com/us/en/shop-watches/museum-classic-0607426.html,Museum Classic,30 meters
,39.5,stainless steel rose gold PVD,sapphire,black with printed index,men's,In Stock,0607457,Swiss automatic movement,No,"$1,195.00",black calfskin,https://www.movado.com/us/en/shop-watches/1881-automatic-0607457.html,1881 Automatic,30 meters
stainless steel and yellow light PVD link bracelet,28,stainless steel,sapphire,white mother-of-pearl with printed index,women's,In Stock,0607323,Swiss quartz movement,No,$995.00,,https://www.movado.com/us/en/shop-watches/kora-0607323.html,Kora,30 meters
yellow gold ion-plated stainless steel mesh bracelet,40,yellow gold ion-plated stainless steel,sapphire,blue with printed index,men's,In Stock,3650099,Swiss quartz movement,MOVADO.COM EXCLUSIVE,$795.00,,https://www.movado.com/us/en/shop-watches/movado-heritage-series-3650099.html,Movado Heritage Series,3 ATM
stainless steel mesh bracelet,28,stainless steel,sapphire,blue mother-of-pearl Museum with concave dot,Women's,In Stock,0607425,Swiss quartz movement,No,$795.00,,https://www.movado.com/us/en/shop-watches/museum-classic-0607425.html,Museum Classic,30 meters
,35,carnation PVD-finished stainless steel,sapphire,navy Museum with flat dot,women's,In Stock,0607390,Swiss quartz movement,No,$695.00,navy calfskin,https://www.movado.com/us/en/shop-watches/modern-47-0607390.html,Modern 47,30 meters
gunmetal ion-plated stainless steel link bracelet,43,gunmetal ion-plated stainless steel,sapphire,black with printed index,men's,In Stock,3650095,Swiss quartz movement,No,$950.00,,https://www.movado.com/us/en/shop-watches/movado-heritage-series-3650095.html,Movado Heritage Series,5 ATM
,43,grey and black PVD-finished stainless steel,sapphire,black with printed index,men's,In Stock,0607290,Swiss quartz chronograph movement,No,$995.00,cognac calfskin,https://www.movado.com/us/en/shop-watches/museum-sport-0607290.html,Museum Sport,30 meters
stainless steel and rose gold PVD bangle bracelet,27,stainless steel,sapphire,rose gold silver-toned metallic Museum with concave dot,women's,In Stock,0607151,Swiss quartz movement,No,$595.00,,https://www.movado.com/us/en/shop-watches/aleena-0607151.html,Aleena,30 meters
two-tone stainless steel link bracelet,34,stainless steel,K1,silver-toned metallic Museum with flat dot,women's,In Stock,3600504,Swiss quartz movement,No,$595.00,,https://www.movado.com/us/en/shop-watches/movado-bold-shimmer-3600504.html,Movado BOLD Shimmer,3 ATM
stainless steel and black PVD-finished stainless steel link bracelet,44,stainless steel and black PVD-finished stainless steel,sapphire,black with printed index,men's,In Stock,0607006,Swiss quartz chronograph movement,No,"$1,995.00",,https://www.movado.com/us/en/shop-watches/strato-0607006.html,Strato,30 meters
,40,stainless steel,sapphire,blue Museum with flat dot,unisex,In Stock,0607507,Swiss quartz movement,No,$595.00,blue calfskin,https://www.movado.com/us/en/shop-watches/modern-47-0607507.html,Modern 47,30 meters
carnation gold ion-plated stainless steel link bracelet,38,carnation gold ion-plated stainless steel,K1,optic white with printed index,women's,In Stock,3640048,Swiss quartz chronograph movement,No,$650.00,,https://www.movado.com/us/en/shop-watches/movado-face-3640048.html,Movado Face,3 ATM
grey ion-plated stainless steel and rose gold ion-plated stainless steel link bracelet,34,grey ion-plated stainless steel,K1,grey Museum with flat dot,Women's,In Stock,3600652,Swiss quartz movement,No,$650.00,,https://www.movado.com/us/en/shop-watches/movado-bold-evolution-3600652.html,Movado BOLD Evolution,3 ATM
stainless steel link bracelet,42,stainless steel and black PVD-finished stainless steel,sapphire,black with printed index,men's,In Stock,0607225,Swiss quartz movement,No,$995.00,,https://www.movado.com/us/en/shop-watches/museum-sport-0607225.html,Museum Sport,30 meters
,41,stainless steel,sapphire,black with printed index,men's,In Stock,0607406,Swiss quartz movement,No,"$1,495.00",black rubber,https://www.movado.com/us/en/shop-watches/sapphire-0607406.html,Sapphire,30 meters
,40,stainless steel,sapphire,blue Museum with concave dot,men's,In Stock,0607270,Swiss quartz movement,No,$495.00,black calfskin,https://www.movado.com/us/en/shop-watches/museum-classic-0607270.html,Museum Classic,30 meters
carnation PVD-finished stainless steel mesh bracelet,28,carnation PVD-finished stainless steel,sapphire,white mother-of-pearl Museum with concave dot,women's,In Stock,0607352,Swiss quartz movement,No,$995.00,,https://www.movado.com/us/en/shop-watches/museum-classic-0607352.html,Museum Classic,30 meters
ionic light gold plated steel mesh bracelet,36,ionic light gold plated steel,sapphire,white mother-of-pearl with printed index,women's,In Stock,3650089,Swiss quartz movement,No,$695.00,,https://www.movado.com/us/en/shop-watches/movado-heritage-series-3650089.html,Movado Heritage Series,3 ATM
stainless steel link bracelet,28,stainless steel with diamonds,sapphire,black Museum with concave dot,women's,In Stock,0607052,Swiss quartz movement,No,"$1,995.00",,https://www.movado.com/us/en/shop-watches/esperanza-0607052.html,Esperanza,30 meters
stainless steel mesh bracelet,28,stainless steel with diamonds,sapphire,white mother-of-pearl Museum with concave dot,women's,In Stock,0607306,Swiss quartz movement,No,"$1,795.00",,https://www.movado.com/us/en/shop-watches/museum-classic-0607306.html,Museum Classic,30 meters
,43,stainless steel,sapphire,black with printed index,men's,In Stock,0607240,Swiss quartz chronograph movement,No,"$1,695.00",black rubber,https://www.movado.com/us/en/shop-watches/sapphire-0607240.html,Sapphire,30 meters
stainless steel link bracelet,34,stainless steel,K1,silver-toned metallic Museum with flat dot,women's,In Stock,3600501,Swiss quartz movement,No,$550.00,,https://www.movado.com/us/en/shop-watches/movado-bold-shimmer-3600501.html,Movado BOLD Shimmer,3 ATM
stainless steel link bracelet,28,stainless steel with diamonds,sapphire,white mother-of-pearl with printed index,Women's,In Stock,0607325,Swiss quartz movement,No,"$1,495.00",,https://www.movado.com/us/en/shop-watches/kora-0607325.html,Kora,30 meters
stainless steel link bracelet,32,stainless steel,K1,silver white with Roman index,women's,In Stock,3600590,Swiss quartz movement,No,$550.00,,https://www.movado.com/us/en/shop-watches/movado-bold-luxe-3600590.html,Movado BOLD Luxe,3 ATM
stainless steel and yellow PVD link bracelet,28,stainless steel and yellow PVD with diamonds,sapphire,white mother-of-pearl Museum with concave dot,women's,In Stock,0607085,Swiss quartz movement,No,"$2,195.00",,https://www.movado.com/us/en/shop-watches/esperanza-0607085.html,Esperanza,30 meters
white ceramic link bracelet,36.3,stainless steel and white ceramic,K1,Silver and white crystal Museum with flat dot,women's,In Stock,3600534,Swiss quartz movement,No,$695.00,,https://www.movado.com/us/en/shop-watches/movado-bold-ceramic-3600534.html,Movado BOLD Ceramic,3 ATM
stainless steel and yellow PVD bangle bracelet,27,stainless steel,sapphire,yellow gold silver-toned metallic Museum with concave dot,women's,In Stock,0607150,Swiss quartz movement,No,$595.00,,https://www.movado.com/us/en/shop-watches/aleena-0607150.html,Aleena,30 meters
,40,yellow light PVD-finished stainless steel,,beige with printed index,men's,In Stock,0607375,Swiss quartz movement,No,$695.00,taupe color calfskin,https://www.movado.com/us/en/shop-watches/movado-ultra-slim-0607375.html,Movado Ultra Slim,30 meters
,44.5,stainless steel with tungsten carbide bezel,sapphire,anthracite grey with printed index,men's,In Stock,0607379,Swiss quartz chronograph movement,No,"$1,995.00",black calfskin,https://www.movado.com/us/en/shop-watches/vizio-0607379.html,Vizio,30 meters
yellow gold ion-plated stainless steel mesh bracelet,40,yellow gold ion-plated stainless steel,sapphire,black with printed index,men's,In Stock,3650088,Swiss quartz movement,No,$795.00,,https://www.movado.com/us/en/shop-watches/movado-heritage-series-3650088.html,Movado Heritage Series,3 ATM
,35,stainless steel rose gold PVD,sapphire,silver white with printed index,women's,In Stock,0607373,Swiss quartz movement,No,$695.00,pink calfskin,https://www.movado.com/us/en/shop-watches/movado-ultra-slim-0607373.html,Movado Ultra Slim,30 meters
,42.5,bronze ion-plated stainless steel,K1,bronze with printed index,men's,In Stock,3600672,Swiss quartz movement,No,$595.00,grey leather,https://www.movado.com/us/en/shop-watches/movado-bold-metals-3600672.html,Movado BOLD Metals,3 ATM
,35,stainless steel,sapphire,light pink Museum with flat dot,women's,In Stock,0607388,Swiss quartz movement,No,$595.00,pink calfskin,https://www.movado.com/us/en/shop-watches/modern-47-0607388.html,Modern 47,30 meters
,40,ion-plated pale gold tone steel,K1,light gold Museum with flat dot,men's,In Stock,3600692,Swiss quartz movement,No,$495.00,grey waxed canvas,https://www.movado.com/us/en/shop-watches/movado-bold-evolution-3600692.html,Movado BOLD Evolution,3 ATM
,42.5,grey ion-plated stainless steel,K1,grey with printed index,men's,In Stock,3600673,Swiss quartz movement,No,$595.00,blue leather,https://www.movado.com/us/en/shop-watches/movado-bold-metals-3600673.html,Movado BOLD Metals,3 ATM
blue ion-plated stainless steel link bracelet,42,blue ion-plated stainless steel,K1,blue with printed index,men's,In Stock,3600683,Swiss quartz chronograph movement,No,$895.00,,https://www.movado.com/us/en/shop-watches/movado-bold-evolution-3600683.html,Movado BOLD Evolution,3 ATM
,42,grey and black PVD-finished stainless steel,sapphire,black with printed index,men's,In Stock,0607263,Swiss quartz movement,No,$795.00,midnight navy calfskin,https://www.movado.com/us/en/shop-watches/museum-sport-0607263.html,Museum Sport,30 meters
stainless steel link bracelet,39,stainless steel,sapphire,black Museum with concave dot,men's,In Stock,0607057,Swiss quartz movement,No,$995.00,,https://www.movado.com/us/en/shop-watches/esperanza-0607057.html,Esperanza,30 meters
,42,grey and black PVD-finished stainless steel,sapphire,black with printed index,men's,In Stock,0607265,Swiss quartz movement,No,$795.00,grey calfskin,https://www.movado.com/us/en/shop-watches/museum-sport-0607265.html,Museum Sport,30 meters
stainless steel mesh bracelet,44.5,stainless steel with tungsten carbide bezel,sapphire,anthracite grey with printed index,men's,In Stock,0607380,Swiss quartz chronograph movement,No,"$2,295.00",,https://www.movado.com/us/en/shop-watches/vizio-0607380.html,Vizio,30 meters
stainless steel and carnation PVD link bracelet,28,stainless steel and carnation PVD,sapphire,white mother-of-pearl with printed index,women's,In Stock,0607324,Swiss quartz movement,No,$995.00,,https://www.movado.com/us/en/shop-watches/kora-0607324.html,Kora,30 meters
pale rose gold ion-plated stainless steel mesh bracelet,34,pale rose gold ion-plated stainless steel,K1,carnation gold Museum with flat dot,Women's,In Stock,3600654,Swiss quartz movement,No,$550.00,,https://www.movado.com/us/en/shop-watches/movado-bold-evolution-3600654.html,Movado BOLD Evolution,3 ATM
grey ion-plated stainless steel mesh bracelet,40,grey ion-plated stainless steel,K1,grey Museum with flat dot,men's,In Stock,3600561,Swiss quartz movement,No,$595.00,,https://www.movado.com/us/en/shop-watches/movado-bold-evolution-3600561.html,Movado BOLD Evolution,3 ATM
grey ion-plated stainless steel mesh bracelet,35,grey ion-plated stainless steel,K1,grey Museum with flat dot,women's,In Stock,3600597,Swiss quartz movement,No,$595.00,,https://www.movado.com/us/en/shop-watches/movado-bold-thin-3600597.html,Movado BOLD Thin,3 ATM
pink ceramic link bracelet,30.8,stainless steel and pink ceramic,K1,pink crystal Museum with flat dot,women's,In Stock,3600615,Swiss quartz movement,No,$550.00,,https://www.movado.com/us/en/shop-watches/movado-bold-ceramic-3600615.html,Movado BOLD Ceramic,3 ATM
blush ceramic and ion-plated carnation gold stainless steel link bracelet,36,carnation gold ion-plated stainless steel,K1,carnation gold Museum with crystal-set dot,women's,In Stock,3600639,Swiss quartz movement,No,$695.00,,https://www.movado.com/us/en/shop-watches/movado-bold-ceramic-3600639.html,Movado BOLD Ceramic,3 ATM
black PVD-finished stainless steel mesh bracelet strap,40,black PVD-finished stainless steel,sapphire,black Museum with concave dot,men's,In Stock,0607395,Swiss quartz movement,No,$995.00,,https://www.movado.com/us/en/shop-watches/museum-classic-0607395.html,Museum Classic,30 meters
black PVD-finished stainless steel link bracelet,39,black PVD-finished stainless steel,sapphire,black Museum with concave dot,men's,In Stock,0607179,Swiss quartz movement,No,"$1,995.00",,https://www.movado.com/us/en/shop-watches/sapphire-0607179.html,Sapphire,30 meters
,42,black PVD-finished and stainless steel 5N PVD,sapphire,black with printed index,men's,In Stock,0607358,Swiss quartz movement,No,$795.00,black calfskin,https://www.movado.com/us/en/shop-watches/museum-sport-0607358.html,Museum Sport,30 meters
stainless steel and light yellow PVD bangle bracelet,27,light yellow PVD-finished stainless steel,K1,white mother-of-pearl Museum with concave dot,women's,In Stock,0607362,Swiss quartz movement,No,$795.00,,https://www.movado.com/us/en/shop-watches/amika-0607362.html,Amika,30 meters
carnation gold ion-plated stainless steel mesh bracelet,35,carnation gold ion-plated stainless steel,K1,carnation gold Museum with flat dot,women's,In Stock,3600596,Swiss quartz movement,No,$595.00,,https://www.movado.com/us/en/shop-watches/movado-bold-thin-3600596.html,Movado BOLD Thin,3 ATM
,36,rose gold ion-plated stainless steel,sapphire,white with printed index,women's,In Stock,3650011,Swiss Quartz Multifunction Movement,No,$695.00,navy leather,https://www.movado.com/us/en/shop-watches/movado-heritage-series-3650011.html,Movado Heritage Series,3 ATM
gunmetal ion-plated stainless steel link bracelet,42.5,gunmetal ion-plated stainless steel,K1,gunmetal with crystal museum with flat dot,men's,In Stock,3600664,Swiss quartz movement,No,$895.00,,https://www.movado.com/us/en/shop-watches/movado-bold-metals-3600664.html,Movado BOLD Metals,3 ATM
,35,carnation PVD-finished stainless steel,,pink with printed index,women's,In Stock,0607374,Swiss quartz movement,No,$695.00,taupe color calfskin,https://www.movado.com/us/en/shop-watches/movado-ultra-slim-0607374.html,Movado Ultra Slim,30 meters
stainless steel and yellow PVD link bracelet,39,stainless steel and yellow PVD,sapphire,black with diamonds,men's,In Stock,0607191,Swiss quartz movement,No,"$1,495.00",,https://www.movado.com/us/en/shop-watches/esperanza-0607191.html,Esperanza,30 meters
,43,bronze ion-plated stainless steel,sapphire,green with printed index,men's,In Stock,3650092,Swiss quartz movement,No,$695.00,chocolate leather,https://www.movado.com/us/en/shop-watches/movado-heritage-series-3650092.html,Movado Heritage Series,5 ATM
stainless steel and yellow PVD link bracelet,39,stainless steel and yellow PVD,sapphire,black Museum with concave dot,men's,In Stock,0607058,Swiss quartz movement,No,"$1,195.00",,https://www.movado.com/us/en/shop-watches/esperanza-0607058.html,Esperanza,30 meters
,42.3,black ion-plated stainless steel,K1,black with applied markers,men's,In Stock,3600621,Swiss quartz movement,No,$595.00,black silicone,https://www.movado.com/us/en/shop-watches/movado-bold-fusion-3600621.html,Movado BOLD Fusion,3 ATM
stainless steel link bracelet,26,stainless steel,sapphire,black Museum with concave dot,women's,In Stock,0606107,Swiss automatic movement,No,"$1,695.00",,https://www.movado.com/us/en/shop-watches/red-label-0606107.html,Red Label,30 meters
stainless steel link bracelet,34,stainless steel,K1,silver-toned metallic Museum with flat dot,Women's,In Stock,3600647,Swiss quartz movement,No,$550.00,,https://www.movado.com/us/en/shop-watches/movado-bold-evolution-3600647.html,Movado BOLD Evolution,3 ATM
,43,yellow gold ion-plated stainless steel,sapphire,blue with printed index,men's,In Stock,3650006,Swiss quartz chronograph movement,No,$850.00,black leather,https://www.movado.com/us/en/shop-watches/movado-heritage-series-3650006.html,Movado Heritage Series,3 ATM
grey PVD-finished stainless steel link bracelet,42,grey and black PVD-finished stainless steel,sapphire,black with printed index,men's,In Stock,0607226,Swiss quartz movement,No,"$1,295.00",,https://www.movado.com/us/en/shop-watches/museum-sport-0607226.html,Museum Sport,30 meters
yellow gold ion-plated stainless steel mesh bracelet,42,yellow gold ion-plated stainless steel,K1,gold-toned metallic with printed index,men's,In Stock,3600634,Swiss quartz chronograph movement,No,$795.00,,https://www.movado.com/us/en/shop-watches/movado-bold-thin-3600634.html,Movado BOLD Thin,3 ATM
pale gold ion-plated stainless steel link bracelet,42,pale gold ion-plated stainless steel,K1,light gold with printed index,men's,In Stock,3600682,Swiss quartz chronograph movement,No,$895.00,,https://www.movado.com/us/en/shop-watches/movado-bold-evolution-3600682.html,Movado BOLD Evolution,3 ATM
stainless steel mesh bracelet,40,stainless steel,sapphire,black with printed index,men's,In Stock,3650087,Swiss quartz movement,No,$695.00,,https://www.movado.com/us/en/shop-watches/movado-heritage-series-3650087.html,Movado Heritage Series,3 ATM
stainless steel and yellow PVD link bracelet,28,stainless steel and yellow PVD,sapphire,black Museum with concave dot,women's,In Stock,0607053,Swiss quartz movement,No,"$1,195.00",,https://www.movado.com/us/en/shop-watches/esperanza-0607053.html,Esperanza,30 meters
,35,carnation PVD-finished stainless steel,sapphire,white Museum with flat dot,women's,In Stock,0607389,Swiss quartz movement,No,$695.00,beige calfskin,https://www.movado.com/us/en/shop-watches/modern-47-0607389.html,Modern 47,30 meters
yellow gold ion-plated stainless steel link bracelet,32,yellow gold ion-plated stainless steel,K1,gold-toned metallic with Roman index,women's,In Stock,3600591,Swiss quartz movement,No,$650.00,,https://www.movado.com/us/en/shop-watches/movado-bold-luxe-3600591.html,Movado BOLD Luxe,3 ATM
,42.5,yellow gold ion-plated stainless steel,sapphire,gold-toned metallic with printed index,men's,In Stock,3600674,Swiss quartz movement,No,$595.00,green leather,https://www.movado.com/us/en/shop-watches/movado-bold-metals-3600674.html,Movado BOLD Metals,3 ATM
,42,grey ion-plated stainless steel,K1,grey Museum with flat dot,men's,In Stock,3600586,Swiss quartz movement,No,$495.00,blue napa leather,https://www.movado.com/us/en/shop-watches/movado-bold-thin-3600586.html,Movado BOLD Thin,3 ATM
stainless steel link bracelet,,stainless steel,sapphire,black with a single cabochon marker,women's,In Stock,0607188,Swiss quartz movement,No,$995.00,,https://www.movado.com/us/en/shop-watches/la-nouvelle-0607188.html,La Nouvelle,30 meters
stainless steel and yellow PVD link bracelet,42,stainless steel and yellow PVD,sapphire,black Museum with concave dot,men's,In Stock,0607008,Swiss automatic movement,No,"$1,895.00",,https://www.movado.com/us/en/shop-watches/red-label-0607008.html,Red Label,30 meters
pink ceramic link bracelet,36.3,stainless steel and pink ceramic,K1,pink crystal Museum with flat dot,women's,In Stock,3600536,Swiss quartz movement,No,$695.00,,https://www.movado.com/us/en/shop-watches/movado-bold-ceramic-3600536.html,Movado BOLD Ceramic,3 ATM
stainless steel bangle bracelet,24,stainless steel,sapphire,white mother-of-pearl Museum with concave dot,women's,In Stock,0607357,Swiss quartz movement,No,$495.00,,https://www.movado.com/us/en/shop-watches/amorosa-0607357.html,Amorosa,30 meters
,40,stainless steel,sapphire,black with printed index,men's,In Stock,3650004,Swiss quartz movement,No,$595.00,black leather,https://www.movado.com/us/en/shop-watches/movado-heritage-series-3650004.html,Movado Heritage Series,3 ATM
,40,yellow PVD-finished stainless steel,sapphire,blue Museum with flat dot,men's,In Stock,0607254,Swiss quartz movement,No,$695.00,blue calfskin,https://www.movado.com/us/en/shop-watches/modern-47-0607254.html,Modern 47,30 meters
,43,yellow gold ion-plated stainless steel,sapphire,parchment with printed index,men's,In Stock,3650007,Swiss quartz chronograph movement,No,$850.00,brown leather,https://www.movado.com/us/en/shop-watches/movado-heritage-series-3650007.html,Movado Heritage Series,3 ATM
yellow gold ion-plated stainless steel mesh bracelet,43,yellow gold ion-plated stainless steel,sapphire,black with printed index,men's,In Stock,3650098,Swiss quartz chronograph movement,No,$995.00,,https://www.movado.com/us/en/shop-watches/movado-heritage-series-3650098.html,Movado Heritage Series,3 ATM
blue ion-plated stainless steel mesh bracelet,42,blue ion-plated stainless steel,K1,blue with printed index,men's,In Stock,3600633,Swiss quartz chronograph movement,No,$795.00,,https://www.movado.com/us/en/shop-watches/movado-bold-thin-3600633.html,Movado BOLD Thin,3 ATM
grey ion-plated stainless steel link bracelet,32,grey ion-plated stainless steel,K1,grey with Roman index with swarovski pavé,Women's,In Stock,3600636,Swiss quartz movement,No,$695.00,,https://www.movado.com/us/en/shop-watches/movado-bold-luxe-3600636.html,Movado BOLD Luxe,3 ATM
,36,yellow gold ion-plated stainless steel,sapphire,navy with printed index,women's,In Stock,3650010,Swiss Quartz Multifunction Movement,No,$695.00,cognac leather,https://www.movado.com/us/en/shop-watches/movado-heritage-series-3650010.html,Movado Heritage Series,3 ATM
,28,stainless steel,sapphire,black Museum with concave dot,women's,In Stock,0607274,Swiss quartz movement,No,$495.00,black calfskin,https://www.movado.com/us/en/shop-watches/museum-classic-0607274.html,Museum Classic,30 meters
light gold ion-plated stainless steel and beige ceramic link bracelet,36,light gold ion-plated stainless steel,K1,beige Museum with crystal-set dot,women's,In Stock,3600640,Swiss quartz movement,No,$695.00,,https://www.movado.com/us/en/shop-watches/movado-bold-ceramic-3600640.html,Movado BOLD Ceramic,3 ATM
,39.5,yellow PVD-finished stainless steel,sapphire,black with printed index,men's,In Stock,0607455,Swiss automatic movement,No,"$1,195.00",black calfskin,https://www.movado.com/us/en/shop-watches/1881-automatic-0607455.html,1881 Automatic,30 meters
stainless steel link bracelet,28,stainless steel,sapphire,silver mirror with diamonds,women's,In Stock,0606814,Swiss quartz movement,No,"$1,495.00",,https://www.movado.com/us/en/shop-watches/sapphire-0606814.html,Sapphire,30 meters
yellow gold ion-plated stainless steel link bracelet,30,yellow gold ion-plated stainless steel,K1,gold-toned metallic Museum with flat dot,women's,In Stock,3600434,Swiss quartz movement,No,$595.00,,https://www.movado.com/us/en/shop-watches/movado-bold-metals-3600434.html,Movado BOLD Metals,3 ATM
,35.1,brown ion-plated stainless steel,K1,beige Museum with concave dot,women's,In Stock,3640035,Swiss quartz movement,MOVADO.COM EXCLUSIVE,$350.00,beige calfskin,https://www.movado.com/us/en/shop-watches/movado-face-3640035.html,Movado Face,3 ATM
yellow gold ion-plated stainless steel link bracelet,42.5,yellow gold ion-plated stainless steel,K1,gold-toned metallic with crystal museum with flat dot,men's,In Stock,3600665,Swiss quartz movement,No,$895.00,,https://www.movado.com/us/en/shop-watches/movado-bold-metals-3600665.html,Movado BOLD Metals,3 ATM
yellow PVD-finished stainless steel link bracelet,40,black aluminum yellow PVD-finished stainless steel,sapphire,black with printed index,men's,In Stock,2600145,Swiss quartz movement,No,"$1,295.00",,https://www.movado.com/us/en/shop-watches/series-800-2600145.html,Series 800,200 meters
grey ion-plated stainless steel link bracelet,42,grey ion-plated stainless steel,K1,grey with printed index,men's,In Stock,3600685,Swiss quartz chronograph movement,No,$895.00,,https://www.movado.com/us/en/shop-watches/movado-bold-evolution-3600685.html,Movado BOLD Evolution,3 ATM
,40,yellow PVD-finished stainless steel,sapphire,red Museum with flat dot,men's,In Stock,0607253,Swiss quartz movement,No,$695.00,red calfskin,https://www.movado.com/us/en/shop-watches/modern-47-0607253.html,Modern 47,30 meters
,43,yellow gold ion-plated stainless steel,K1,white Museum with concave dot,men's,In Stock,3640043,Swiss quartz chronograph movement,MOVADO.COM EXCLUSIVE,$550.00,grey leather,https://www.movado.com/us/en/shop-watches/movado-face-3640043.html,Movado Face,3 ATM
,42,black ion-plated stainless steel,K1,black with Arabic index,men's,In Stock,3600696,Swiss quartz movement,No,$595.00,black leather,https://www.movado.com/us/en/shop-watches/movado-bold-verso-3600696.html,Movado BOLD Verso,3 ATM
stainless steel link bracelet,30,stainless steel,K1,silver-toned metallic Museum with flat dot,women's,In Stock,3600433,Swiss quartz movement,No,$495.00,,https://www.movado.com/us/en/shop-watches/movado-bold-metals-3600433.html,Movado BOLD Metals,3 ATM
,40,black ion-plated stainless steel,K1,black Museum with flat dot,men's,In Stock,3600524,Swiss quartz movement,No,$495.00,green leather,https://www.movado.com/us/en/shop-watches/movado-bold-evolution-3600524.html,Movado BOLD Evolution,3 ATM
stainless steel link bracelet,38,stainless steel,K1,pink with printed index,women's,In Stock,3640047,Swiss quartz chronograph movement,No,$650.00,,https://www.movado.com/us/en/shop-watches/movado-face-3640047.html,Movado Face,3 ATM
stainless steel mesh bracelet,43,stainless steel,sapphire,black with printed index,men's,In Stock,3650097,Swiss quartz chronograph movement,No,$895.00,,https://www.movado.com/us/en/shop-watches/movado-heritage-series-3650097.html,Movado Heritage Series,3 ATM
,40,black ion-plated stainless steel,K1,black Museum with flat dot,men's,In Stock,3600525,Swiss quartz movement,No,$495.00,red leather,https://www.movado.com/us/en/shop-watches/movado-bold-evolution-3600525.html,Movado BOLD Evolution,3 ATM
,40,grey mid PVD-finished stainless steel,sapphire,navy Museum with flat dot,men's,In Stock,0607392,Swiss quartz movement,No,$695.00,navy calfskin,https://www.movado.com/us/en/shop-watches/modern-47-0607392.html,Modern 47,30 meters
,40,yellow gold ion-plated stainless steel,sapphire,parchment with printed index,men's,In Stock,3650003,Swiss quartz movement,No,$650.00,brown leather,https://www.movado.com/us/en/shop-watches/movado-heritage-series-3650003.html,Movado Heritage Series,3 ATM
stainless steel link bracelet,39,stainless steel,sapphire,silver mirror Museum with concave dot,men's,In Stock,0607178,Swiss quartz movement,No,"$1,895.00",,https://www.movado.com/us/en/shop-watches/sapphire-0607178.html,Sapphire,30 meters
stainless steel with diamonds link bracelet,28,stainless steel,sapphire,silver mirror with diamonds,women's,In Stock,0607193,Swiss quartz movement,No,"$1,995.00",,https://www.movado.com/us/en/shop-watches/sapphire-0607193.html,Sapphire,30 meters
stainless steel with diamonds bangle bracelet,24,stainless steel,sapphire,black Museum with concave dot,women's,In Stock,0607154,Swiss quartz movement,No,$995.00,,https://www.movado.com/us/en/shop-watches/amorosa-0607154.html,Amorosa,30 meters
stainless steel link bracelet,28,stainless steel,sapphire,pink mother-of-pearl Museum with concave dot with diamonds,women's,In Stock,0607322,Swiss quartz movement,No,"$1,295.00",,https://www.movado.com/us/en/shop-watches/kora-0607322.html,Kora,30 meters
,42.3,stainless steel,K1,black with applied markers,men's,In Stock,3600624,Swiss quartz movement,No,$595.00,black silicone,https://www.movado.com/us/en/shop-watches/movado-bold-fusion-3600624.html,Movado BOLD Fusion,3 ATM
,39.5,stainless steel,sapphire,black with printed index,men's,In Stock,0607453,Swiss automatic movement,No,"$1,095.00",black calfskin,https://www.movado.com/us/en/shop-watches/1881-automatic-0607453.html,1881 Automatic,30 meters
,35.1,grey ion-plated stainless steel,K1,grey Museum with concave dot,women's,In Stock,3640013,Swiss quartz movement,No,$350.00,tan leather,https://www.movado.com/us/en/shop-watches/movado-face-3640013.html,Movado Face,3 ATM
blue ion-plated stainless steel mesh bracelet,40,blue ion-plated stainless steel,K1,blue Museum with flat dot,men's,In Stock,3600610,Swiss quartz movement,No,$595.00,,https://www.movado.com/us/en/shop-watches/movado-bold-evolution-3600610.html,Movado BOLD Evolution,3 ATM
,43,stainless steel,sapphire,blue with printed index,men's,In Stock,3650093,Swiss quartz movement,No,$650.00,black leather,https://www.movado.com/us/en/shop-watches/movado-heritage-series-3650093.html,Movado Heritage Series,5 ATM
rose gold ion-plated stainless steel link bracelet,36,rose gold ion-plated stainless steel,K1,pink Museum with flat dot,women's,In Stock,3600086,Swiss quartz movement,No,$695.00,,https://www.movado.com/us/en/shop-watches/movado-bold-metals-3600086.html,Movado BOLD Metals,30 meters
yellow gold ion-plated stainless steel link bracelet,36,yellow gold ion-plated stainless steel,K1,yellow Museum with flat dot,women's,In Stock,3600085,Swiss quartz movement,No,$650.00,,https://www.movado.com/us/en/shop-watches/movado-bold-metals-3600085.html,Movado BOLD Metals,30 meters
,40,black PVD-finished stainless steel,sapphire,blue Museum with flat dot,men's,In Stock,0607428,Swiss quartz movement,No,$695.00,blue calfskin,https://www.movado.com/us/en/shop-watches/modern-47-0607428.html,Modern 47,30 meters
black ion-plated stainless steel link bracelet,40,black ion-plated stainless steel,K1,black unadorned,men's,In Stock,3600677,Swiss quartz movement,No,$795.00,,https://www.movado.com/us/en/shop-watches/movado-bold-evolution-3600677.html,Movado BOLD Evolution,3 ATM
,34,carnation gold ion-plated stainless steel,K1,carnation gold Museum with flat dot,Women's,In Stock,3600643,Swiss quartz movement,No,$450.00,grey leather,https://www.movado.com/us/en/shop-watches/movado-bold-evolution-3600643.html,Movado BOLD Evolution,3 ATM
stainless steel mesh bracelet,41,stainless steel,K1,white Museum with concave dot,men's,In Stock,3640006,Swiss quartz movement,No,$450.00,,https://www.movado.com/us/en/shop-watches/movado-face-3640006.html,Movado Face,3 ATM
,41,grey ion-plated stainless steel,K1,grey Museum with concave dot,men's,In Stock,3640003,Swiss quartz movement,No,$350.00,tan leather,https://www.movado.com/us/en/shop-watches/movado-face-3640003.html,Movado Face,3 ATM
stainless steel link bracelet,38,stainless steel with diamonds,sapphire,black with diamonds,men's,In Stock,0606237,Swiss quartz movement,No,"$3,495.00",,https://www.movado.com/us/en/shop-watches/faceto-0606237.html,Faceto,30 meters
,43,stainless steel,sapphire,white with printed index,men's,In Stock,3650008,Swiss quartz chronograph movement,No,$795.00,cognac leather,https://www.movado.com/us/en/shop-watches/movado-heritage-series-3650008.html,Movado Heritage Series,3 ATM
,40,black PVD-finished stainless steel,sapphire,yellow Museum with flat dot,men's,In Stock,0607427,Swiss quartz movement,No,$695.00,yellow calfskin,https://www.movado.com/us/en/shop-watches/modern-47-0607427.html,Modern 47,30 meters
stainless steel mesh bracelet,28,stainless steel,sapphire,black Museum with concave dot,women's,In Stock,0607220,Swiss quartz movement,No,$795.00,,https://www.movado.com/us/en/shop-watches/museum-classic-0607220.html,Museum Classic,30 meters
stainless steel link bracelet,40,stainless steel,sapphire,black with printed index,men's,In Stock,3650012,Swiss quartz movement,No,$795.00,,https://www.movado.com/us/en/shop-watches/movado-heritage-series-3650012.html,Movado Heritage Series,3 ATM
,42,black ion-plated stainless steel,K1,black with printed index,men's,In Stock,3600632,Swiss quartz chronograph movement,No,$650.00,black Colorado leather,https://www.movado.com/us/en/shop-watches/movado-bold-thin-3600632.html,Movado BOLD Thin,3 ATM
white ceramic link bracelet,36,white ceramic and light gold ion-plated stainless steel,K1,white Museum with flat dot,Women's,In Stock,3600710,Swiss quartz movement,No,$650.00,,https://www.movado.com/us/en/shop-watches/movado-bold-evolution-3600710.html,Movado BOLD Evolution,3 ATM
stainless steel and light yellow PVD link bracelet,28,stainless steel and light yellow PVD with diamonds,sapphire,white mother-of-pearl with printed index,Women's,In Stock,0607326,Swiss quartz movement,No,"$1,595.00",,https://www.movado.com/us/en/shop-watches/kora-0607326.html,Kora,30 meters
pale rose gold ion-plated stainless steel link bracelet,34,pale rose gold ion-plated stainless steel,K1,chocolate Museum with crystal set dot,Women's,In Stock,3600690,Swiss quartz movement,No,$695.00,,https://www.movado.com/us/en/shop-watches/movado-bold-evolution-3600690.html,Movado BOLD Evolution,3 ATM
stainless steel mesh bracelet,28,stainless steel,sapphire,white mother-of-pearl with diamonds,Women's,In Stock,0607491,Swiss quartz movement,No,$995.00,,https://www.movado.com/us/en/shop-watches/museum-classic-0607491.html,Museum Classic,30 meters
,43,grey and black PVD-finished stainless steel,sapphire,blue with printed index,men's,In Stock,0607360,Swiss quartz chronograph movement,No,$995.00,black calfskin,https://www.movado.com/us/en/shop-watches/museum-sport-0607360.html,Museum Sport,30 meters
,40,light yellow gold PVD-finished stainless steel,sapphire,white Museum with flat dot,unisex,In Stock,0607508,Swiss quartz movement,No,$695.00,white calfskin,https://www.movado.com/us/en/shop-watches/modern-47-0607508.html,Modern 47,30 meters
stainless steel link bracelet,39,stainless steel,sapphire,blue with printed index,men's,In Stock,3650056,Swiss quartz movement,No,$795.00,,https://www.movado.com/us/en/shop-watches/movado-heritage-series-3650056.html,Movado Heritage Series,3 ATM
stainless steel link bracelet,40,stainless steel,sapphire,black with diamonds,men's,In Stock,0607201,Swiss quartz movement,No,"$1,195.00",,https://www.movado.com/us/en/shop-watches/museum-classic-0607201.html,Museum Classic,30 meters
stainless steel bangle bracelet,28,stainless steel,K1,blue mother-of-pearl Museum with crystal-set dot,women's,In Stock,3600629,Swiss quartz movement,No,$450.00,,https://www.movado.com/us/en/shop-watches/movado-bold-bangle-3600629.html,Movado BOLD Bangle,3 ATM
stainless steel link bracelet,32,stainless steel,K1,silver white with crystal pavé,Women's,In Stock,3600658,Swiss quartz movement,No,$595.00,,https://www.movado.com/us/en/shop-watches/movado-bold-luxe-3600658.html,Movado BOLD Luxe,3 ATM
stainless steel link bracelet,40,stainless steel,sapphire,black with printed index,men's,In Stock,0607167,Swiss quartz movement,No,$895.00,,https://www.movado.com/us/en/shop-watches/movado-ultra-slim-0607167.html,Movado Ultra Slim,30 meters
,40,black PVD-finished stainless steel,sapphire,red Museum with flat dot,men's,In Stock,0607429,Swiss quartz movement,No,$695.00,red calfskin,https://www.movado.com/us/en/shop-watches/modern-47-0607429.html,Modern 47,30 meters
stainless steel link bracelet,43,stainless steel,sapphire,blue with printed index,men's,In Stock,3650094,Swiss quartz movement,No,$850.00,,https://www.movado.com/us/en/shop-watches/movado-heritage-series-3650094.html,Movado Heritage Series,5 ATM
,43,grey and black PVD-finished stainless steel,sapphire,black with printed index,men's,In Stock,0607476,Swiss quartz chronograph movement,No,$995.00,black calfskin,https://www.movado.com/us/en/shop-watches/museum-sport-0607476.html,Museum Sport,30 meters
blue ion-plated stainless steel link bracelet,40,blue ion-plated stainless steel,K1,blue Museum with flat dot,unisex,In Stock,3600510,Swiss quartz movement,No,$695.00,,https://www.movado.com/us/en/shop-watches/movado-bold-evolution-3600510.html,Movado BOLD Evolution,3 ATM
,40,light yellow gold PVD-finished stainless steel,sapphire,red Museum with flat dot,unisex,In Stock,0607499,Swiss quartz movement,MOVADO.COM EXCLUSIVE,$695.00,red calfskin,https://www.movado.com/us/en/shop-watches/modern-47-0607499.html,Modern 47,30 meters
,35.1,stainless steel,K1,blue Museum with concave dot,women's,In Stock,3640036,Swiss quartz movement,MOVADO.COM EXCLUSIVE,$350.00,navy calfskin,https://www.movado.com/us/en/shop-watches/movado-face-3640036.html,Movado Face,3 ATM
black ion-plated stainless steel mesh bracelet,34,black ion-plated stainless steel,K1,black Museum with crystal set dot,Women's,In Stock,3600714,Swiss quartz movement,No,$650.00,,https://www.movado.com/us/en/shop-watches/movado-bold-evolution-3600714.html,Movado BOLD Evolution,3 ATM
,34,grey ion-plated 2 stainless steel,K1,grey Museum with flat dot,Women's,In Stock,3600644,Swiss quartz movement,MOVADO.COM EXCLUSIVE,$450.00,blue grey leather,https://www.movado.com/us/en/shop-watches/movado-bold-evolution-3600644.html,Movado BOLD Evolution,3 ATM
,42.3,ionic light gold plated steel,K1,black with applied markers,men's,In Stock,3600623,Swiss quartz movement,No,$595.00,black silicone,https://www.movado.com/us/en/shop-watches/movado-bold-fusion-3600623.html,Movado BOLD Fusion,3 ATM
,40,pale rose gold PVD-finished stainless steel,sapphire,pink Museum with flat dot,unisex,In Stock,0607501,Swiss quartz movement,MOVADO.COM EXCLUSIVE,$695.00,pink calfskin,https://www.movado.com/us/en/shop-watches/modern-47-0607501.html,Modern 47,30 meters
stainless steel with diamonds bangle bracelet,25,stainless steel,sapphire,black Museum with concave dot,Women's,In Stock,0607471,Swiss quartz movement,No,$995.00,,https://www.movado.com/us/en/shop-watches/esperanza-0607471.html,Esperanza,30 meters
two-tone stainless steel link bracelet,30,stainless steel,K1,silver-toned metallic Museum with flat dot,women's,In Stock,3600551,Swiss quartz movement,No,$550.00,,https://www.movado.com/us/en/shop-watches/movado-bold-metals-3600551.html,Movado BOLD Metals,3 ATM
,44.5,pale gold ion-plated stainless steel,K1,black with printed index,unisex,In Stock,3600712,Swiss quartz chronograph movement,No,$795.00,black silicone,https://www.movado.com/us/en/shop-watches/movado-bold-fusion-3600712.html,Movado BOLD Fusion,3 ATM
stainless steel and white ceramic link bracelet,36,stainless steel,K1,silver-toned metallic Museum with crystal-set dot,women's,In Stock,3600638,Swiss quartz movement,No,$595.00,,https://www.movado.com/us/en/shop-watches/movado-bold-ceramic-3600638.html,Movado BOLD Ceramic,3 ATM
stainless steel and yellow PVD bangle bracelet,25,stainless steel and yellow PVD,sapphire,black Museum with concave dot,Women's,In Stock,0607472,Swiss quartz movement,No,$695.00,,https://www.movado.com/us/en/shop-watches/esperanza-0607472.html,Esperanza,30 meters
yellow PVD-finished stainless steel mesh bracelet,28,yellow PVD-finished stainless steel,sapphire,white mother-of-pearl Museum with concave dot,women's,In Stock,0607351,Swiss quartz movement,No,$995.00,,https://www.movado.com/us/en/shop-watches/museum-classic-0607351.html,Museum Classic,30 meters
stainless steel mesh bracelet,41,grey ion-plated stainless steel,K1,grey Museum with concave dot,men's,In Stock,3640008,Swiss quartz movement,No,$450.00,,https://www.movado.com/us/en/shop-watches/movado-face-3640008.html,Movado Face,3 ATM
black ceramic link bracelet,36.3,stainless steel and black ceramic,K1,black crystal Museum with flat dot,women's,In Stock,3600535,Swiss quartz movement,No,$695.00,,https://www.movado.com/us/en/shop-watches/movado-bold-ceramic-3600535.html,Movado BOLD Ceramic,3 ATM
stainless steel mesh bracelet,36,stainless steel,sapphire,white mother-of-pearl with printed index,Women's,In Stock,3650104,Swiss Quartz Multifunction Movement,No,$850.00,,https://www.movado.com/us/en/shop-watches/movado-heritage-series-3650104.html,Movado Heritage Series,3 ATM
stainless steel mesh bracelet,40,stainless steel,sapphire,black with diamonds,men's,In Stock,0607511,Swiss quartz movement,No,$995.00,,https://www.movado.com/us/en/shop-watches/museum-classic-0607511.html,Museum Classic,30 meters
two-tone stainless steel link bracelet,34,stainless steel,K1,silver-toned metallic Museum with flat dot,Women's,In Stock,3600651,Swiss quartz movement,No,$595.00,,https://www.movado.com/us/en/shop-watches/movado-bold-evolution-3600651.html,Movado BOLD Evolution,3 ATM
,39,stainless steel,sapphire,blue with printed index,men's,In Stock,3650057,Swiss quartz movement,No,$595.00,cognac leather,https://www.movado.com/us/en/shop-watches/movado-heritage-series-3650057.html,Movado Heritage Series,3 ATM
,43,stainless steel,sapphire,black with printed index,men's,In Stock,3650005,Swiss quartz chronograph movement,No,$795.00,black leather,https://www.movado.com/us/en/shop-watches/movado-heritage-series-3650005.html,Movado Heritage Series,3 ATM
stainless steel and yellow PVD bangle bracelet,24,stainless steel and yellow PVD,sapphire,black Museum with concave dot,women's,In Stock,0607184,Swiss quartz movement,No,$595.00,,https://www.movado.com/us/en/shop-watches/amorosa-0607184.html,Amorosa,30 meters
grey ion-plated stainless steel link bracelet,42.5,grey ion-plated stainless steel,K1,grey with printed index,unisex,In Stock,3600259,Swiss quartz movement,No,$795.00,,https://www.movado.com/us/en/shop-watches/movado-bold-metals-3600259.html,Movado BOLD Metals,3 ATM
,35.1,ionic light gold 2 plated stainless steel,K1,white Museum with concave dot,women's,In Stock,3640010,Swiss quartz movement,No,$350.00,dark navy leather,https://www.movado.com/us/en/shop-watches/movado-face-3640010.html,Movado Face,3 ATM
,40,grey ion-plated stainless steel,K1,grey Museum with flat dot,men's,In Stock,3600507,Swiss quartz movement,No,$495.00,navy leather,https://www.movado.com/us/en/shop-watches/movado-bold-evolution-3600507.html,Movado BOLD Evolution,3 ATM
stainless steel link bracelet,32,stainless steel,K1,silver white with Roman index with swarovski pavé,Women's,In Stock,3600660,Swiss quartz movement,No,$650.00,,https://www.movado.com/us/en/shop-watches/movado-bold-luxe-3600660.html,Movado BOLD Luxe,3 ATM
,40,stainless steel rose gold PVD,sapphire,silver white with printed index,men's,In Stock,0607089,Swiss quartz movement,No,$695.00,brown calfskin,https://www.movado.com/us/en/shop-watches/movado-ultra-slim-0607089.html,Movado Ultra Slim,30 meters
,40,stainless steel,sapphire,yellow Museum with flat dot,men's,In Stock,0607252,Swiss quartz movement,No,$595.00,yellow calfskin,https://www.movado.com/us/en/shop-watches/modern-47-0607252.html,Modern 47,30 meters
white ceramic link bracelet,30.8,stainless steel and white ceramic,K1,white crystal Museum with flat dot,women's,In Stock,3600616,Swiss quartz movement,No,$550.00,,https://www.movado.com/us/en/shop-watches/movado-bold-ceramic-3600616.html,Movado BOLD Ceramic,3 ATM
carnation gold ion-plated stainless steel mesh bracelet,35.1,carnation gold ion-plated stainless steel,K1,pink Museum with concave dot,women's,In Stock,3640016,Swiss quartz movement,No,$450.00,,https://www.movado.com/us/en/shop-watches/movado-face-3640016.html,Movado Face,3 ATM
grey ion-plated stainless steel mesh bracelet,42,grey ion-plated stainless steel,K1,grey Museum with flat dot,men's,In Stock,3600599,Swiss quartz movement,No,$595.00,,https://www.movado.com/us/en/shop-watches/movado-bold-thin-3600599.html,Movado BOLD Thin,3 ATM
,34,khaki ion-plated stainless steel,K1,khaki Museum with flat dot,Women's,In Stock,3600645,Swiss quartz movement,MOVADO.COM EXCLUSIVE,$450.00,vachetta leather,https://www.movado.com/us/en/shop-watches/movado-bold-evolution-3600645.html,Movado BOLD Evolution,3 ATM
,40,stainless steel rose gold PVD,sapphire,black Museum with flat dot,men's,In Stock,0607433,Swiss quartz movement,MOVADO.COM EXCLUSIVE,$695.00,black calfskin,https://www.movado.com/us/en/shop-watches/modern-47-0607433.html,Modern 47,30 meters
,43,black ion-plated stainless steel,K1,black Museum with concave dot,men's,In Stock,3640039,Swiss quartz chronograph movement,MOVADO.COM EXCLUSIVE,$550.00,black leather,https://www.movado.com/us/en/shop-watches/movado-face-3640039.html,Movado Face,3 ATM
stainless steel link bracelet,44.5,stainless steel with tungsten carbide bezel,sapphire,anthracite grey with printed index,men's,In Stock,0606551,Swiss quartz chronograph movement,No,"$2,495.00",,https://www.movado.com/us/en/shop-watches/vizio-0606551.html,Vizio,30 meters
stainless steel bangle bracelet,24,stainless steel,sapphire,black Museum with concave dot,women's,In Stock,0607153,Swiss quartz movement,No,$495.00,,https://www.movado.com/us/en/shop-watches/amorosa-0607153.html,Amorosa,30 meters
,42,black TR90 composite material and stainless steel,K1,black Museum with flat dot,men's,In Stock,3600602,Swiss quartz movement,No,$395.00,red leather,https://www.movado.com/us/en/shop-watches/movado-bold-tr90-3600602.html,Movado BOLD TR90,3 ATM
grey ion-plated stainless steel link bracelet,43,grey ion-plated stainless steel,K1,grey Museum with concave dot,men's,In Stock,3640040,Swiss quartz chronograph movement,MOVADO.COM EXCLUSIVE,$650.00,,https://www.movado.com/us/en/shop-watches/movado-face-3640040.html,Movado Face,3 ATM
gunmetal ion-plated stainless steel mesh bracelet,43,gunmetal ion-plated stainless steel,sapphire,black with printed index,men's,In Stock,3650100,Swiss quartz chronograph movement,MOVADO.COM EXCLUSIVE,$895.00,,https://www.movado.com/us/en/shop-watches/movado-heritage-series-3650100.html,Movado Heritage Series,3 ATM
yellow gold ion-plated stainless steel link bracelet,32,yellow gold ion-plated stainless steel,K1,gold-toned metallic with Roman index with swarovski pavé,Women's,In Stock,3600659,Swiss quartz movement,No,$695.00,,https://www.movado.com/us/en/shop-watches/movado-bold-luxe-3600659.html,Movado BOLD Luxe,3 ATM
,42,stainless steel,Gorilla Glass,,Unisex,In Stock,3660030,Smart module,No,$495.00,navy velcro fabric,https://www.movado.com/us/en/shop-watches/42mm-movado-connect-2.0-3660030.html,42mm Movado Connect 2.0,IPX8 / 1 ATM
light gold 2 ion-plated stainless steel link bracelet,38,light gold 2 ion-plated stainless steel,K1,optic white with printed index,women's,In Stock,3640049,Swiss quartz chronograph movement,No,$650.00,,https://www.movado.com/us/en/shop-watches/movado-face-3640049.html,Movado Face,3 ATM
yellow gold ion-plated stainless steel link bracelet,39,yellow gold ion-plated stainless steel,sapphire,navy with printed index,men's,In Stock,3650105,Swiss quartz movement,No,$895.00,,https://www.movado.com/us/en/shop-watches/movado-heritage-series-3650105.html,Movado Heritage Series,5 ATM
stainless steel and yellow PVD link bracelet,35,stainless steel and yellow PVD,sapphire,white mother-of-pearl with printed index,women's,In Stock,0607171,Swiss quartz movement,No,$995.00,,https://www.movado.com/us/en/shop-watches/movado-ultra-slim-0607171.html,Movado Ultra Slim,30 meters
stainless steel mesh bracelet,40,stainless steel,sapphire,blue Museum with concave dot,men's,In Stock,0607349,Swiss quartz movement,No,$795.00,,https://www.movado.com/us/en/shop-watches/museum-classic-0607349.html,Museum Classic,30 meters
ionic light gold plated steel mesh bracelet,35,ionic light gold plated steel,K1,light gold Museum with flat dot,women's,In Stock,3600598,Swiss quartz movement,No,$595.00,,https://www.movado.com/us/en/shop-watches/movado-bold-thin-3600598.html,Movado BOLD Thin,3 ATM
,35.1,brown ion-plated stainless steel,K1,sand Museum with concave dot,women's,In Stock,3640012,Swiss quartz movement,No,$350.00,beige leather,https://www.movado.com/us/en/shop-watches/movado-face-3640012.html,Movado Face,3 ATM
stainless steel mesh bracelet,34,stainless steel,K1,silver-toned metallic Museum with flat dot,Women's,In Stock,3600655,Swiss quartz movement,No,$595.00,,https://www.movado.com/us/en/shop-watches/movado-bold-shimmer-3600655.html,Movado BOLD Shimmer,3 ATM
stainless steel link bracelet,38,stainless steel,sapphire,black Museum with concave dot,men's,In Stock,0606115,Swiss automatic movement,No,"$1,695.00",,https://www.movado.com/us/en/shop-watches/red-label-0606115.html,Red Label,30 meters
,40,yellow gold ion-plated stainless steel,sapphire,navy with printed index,men's,In Stock,3650028,Swiss quartz movement,No,$650.00,cognac leather,https://www.movado.com/us/en/shop-watches/movado-heritage-series-3650028.html,Movado Heritage Series,3 ATM
,40,stainless steel,Gorilla Glass,,Unisex,In Stock,3660022,Smart module,No,$550.00,black leather,https://www.movado.com/us/en/shop-watches/40mm-movado-connect-2.0-3660022.html,40mm Movado Connect 2.0,IPX8 / 1 ATM
,28,yellow PVD-finished stainless steel,sapphire,black Museum with concave dot,women's,In Stock,0607275,Swiss quartz movement,No,$595.00,black calfskin,https://www.movado.com/us/en/shop-watches/museum-classic-0607275.html,Museum Classic,30 meters
stainless steel mesh bracelet,34,stainless steel,K1,silver-toned metallic Museum with crystal set dot,Women's,In Stock,3600698,Swiss quartz movement,No,$550.00,,https://www.movado.com/us/en/shop-watches/movado-bold-evolution-3600698.html,Movado BOLD Evolution,3 ATM
yellow gold ion-plated stainless steel link bracelet,44,yellow gold ion-plated stainless steel,K1,gold-toned metallic with crystal museum with flat dot,men's,In Stock,3600667,Swiss quartz chronograph movement,No,"$1,095.00",,https://www.movado.com/us/en/shop-watches/movado-bold-metals-3600667.html,Movado BOLD Metals,3 ATM
stainless steel link bracelet,36,stainless steel,K1,silver-toned metallic Museum with flat dot,women's,In Stock,3600084,Swiss quartz movement,No,$550.00,,https://www.movado.com/us/en/shop-watches/movado-bold-metals-3600084.html,Movado BOLD Metals,30 meters
ionic light gold plated stainless steel mesh bracelet,35.1,ionic light gold plated stainless steel,K1,white Museum with concave dot,women's,In Stock,3640015,Swiss quartz movement,No,$450.00,,https://www.movado.com/us/en/shop-watches/movado-face-3640015.html,Movado Face,3 ATM
carnation gold ion-plated stainless steel mesh bracelet,40,carnation gold ion-plated stainless steel,Gorilla Glass,,Unisex,In Stock,3660027,Smart module,No,$695.00,,https://www.movado.com/us/en/shop-watches/40mm-movado-connect-2.0-3660027.html,40mm Movado Connect 2.0,IPX8 / 1 ATM
blue ion-plated stainless steel link bracelet,42.5,blue ion-plated stainless steel,K1,blue with printed index,men's,In Stock,3600296,Swiss quartz movement,No,$795.00,,https://www.movado.com/us/en/shop-watches/movado-bold-metals-3600296.html,Movado BOLD Metals,30 meters
stainless steel link bracelet,44,stainless steel,K1,white with crystal museum with flat dot,men's,In Stock,3600666,Swiss quartz chronograph movement,No,$995.00,,https://www.movado.com/us/en/shop-watches/movado-bold-metals-3600666.html,Movado BOLD Metals,3 ATM
black TR90 composite material and stainless steel link bracelet,43.5,black TR90 composite material and stainless steel,K1,black Museum with flat dot,men's,In Stock,3600101,Swiss quartz chronograph movement,No,$750.00,,https://www.movado.com/us/en/shop-watches/movado-bold-tr90-3600101.html,Movado BOLD TR90,30 meters
stainless steel link bracelet,42,stainless steel,sapphire,blue with printed index,men's,In Stock,3650101,Swiss quartz chronograph movement,No,$995.00,,https://www.movado.com/us/en/shop-watches/movado-heritage-series-3650101.html,Movado Heritage Series,5 ATM
stainless steel link bracelet,40,stainless steel,sapphire,blue with printed index,men's,In Stock,0607168,Swiss quartz movement,No,$895.00,,https://www.movado.com/us/en/shop-watches/movado-ultra-slim-0607168.html,Movado Ultra Slim,30 meters
,40,yellow PVD-finished stainless steel,sapphire,black Museum with flat dot,men's,In Stock,0607432,Swiss quartz movement,MOVADO.COM EXCLUSIVE,$695.00,black calfskin,https://www.movado.com/us/en/shop-watches/modern-47-0607432.html,Modern 47,30 meters
stainless steel mesh bracelet,42,stainless steel,K1,silver white Museum with flat dot,men's,In Stock,3600589,Swiss quartz movement,No,$495.00,,https://www.movado.com/us/en/shop-watches/movado-bold-thin-3600589.html,Movado BOLD Thin,3 ATM
,42,blue ion-plated stainless steel,K1,blue with printed index,men's,In Stock,3600630,Swiss quartz chronograph movement,No,$650.00,cognac Colorado leather,https://www.movado.com/us/en/shop-watches/movado-bold-thin-3600630.html,Movado BOLD Thin,3 ATM
stainless steel mesh bracelet,40,stainless steel,sapphire,black Museum with concave dot,men's,In Stock,0607219,Swiss quartz movement,No,$795.00,,https://www.movado.com/us/en/shop-watches/museum-classic-0607219.html,Museum Classic,30 meters
black ion-plated stainless steel link bracelet,42,black ion-plated stainless steel,K1,black with printed index,men's,In Stock,3600684,Swiss quartz chronograph movement,No,$895.00,,https://www.movado.com/us/en/shop-watches/movado-bold-evolution-3600684.html,Movado BOLD Evolution,3 ATM
stainless steel mesh bracelet,42,stainless steel,Gorilla Glass,,Unisex,In Stock,3660032,Smart module,No,$695.00,,https://www.movado.com/us/en/shop-watches/42mm-movado-connect-2.0-3660032.html,42mm Movado Connect 2.0,IPX8 / 1 ATM
,41,grey ion-plated stainless steel,K1,grey Museum with concave dot,men's,In Stock,3640034,Swiss quartz movement,MOVADO.COM EXCLUSIVE,$350.00,grey leather,https://www.movado.com/us/en/shop-watches/movado-face-3640034.html,Movado Face,3 ATM
navy ceramic link bracelet,36,navy blue ceramic and ion-plated pale rose gold stainless steel,K1,navy Museum with flat dot,Women's,In Stock,3600708,Swiss quartz movement,No,$650.00,,https://www.movado.com/us/en/shop-watches/movado-bold-evolution-3600708.html,Movado BOLD Evolution,3 ATM
ionic light gold plated stainless steel link bracelet,40,ionic light gold plated stainless steel,K1,light gold Museum with flat dot,men's,In Stock,3600508,Swiss quartz movement,No,$695.00,,https://www.movado.com/us/en/shop-watches/movado-bold-evolution-3600508.html,Movado BOLD Evolution,3 ATM
black ion-plated stainless steel mesh bracelet,42,black ion-plated stainless steel,Gorilla Glass,,Unisex,In Stock,3660034,Smart module,No,$695.00,,https://www.movado.com/us/en/shop-watches/42mm-movado-connect-2.0-3660034.html,42mm Movado Connect 2.0,IPX8 / 1 ATM
,42,stainless steel,Gorilla Glass,,Unisex,In Stock,3660028,Smart module,No,$550.00,black leather,https://www.movado.com/us/en/shop-watches/42mm-movado-connect-2.0-3660028.html,42mm Movado Connect 2.0,IPX8 / 1 ATM
stainless steel and blush ceramic link bracelet,36,stainless steel,K1,silver-toned metallic Museum with crystal-set dot,Women's,In Stock,3600702,Swiss quartz movement,No,$695.00,,https://www.movado.com/us/en/shop-watches/movado-bold-ceramic-3600702.html,Movado BOLD Ceramic,3 ATM
,40,stainless steel,sapphire,black Museum with concave dot,men's,In Stock,0607269,Swiss quartz movement,No,$495.00,black calfskin,https://www.movado.com/us/en/shop-watches/museum-classic-0607269.html,Museum Classic,30 meters
,41,grey ion-plated stainless steel,K1,blue Museum with concave dot,men's,In Stock,3640004,Swiss quartz movement,No,$350.00,blue leather,https://www.movado.com/us/en/shop-watches/movado-face-3640004.html,Movado Face,3 ATM
black ion-plated stainless steel link bracelet,43,black ion-plated stainless steel,K1,black Museum with concave dot,men's,In Stock,3640041,Swiss quartz chronograph movement,MOVADO.COM EXCLUSIVE,$650.00,,https://www.movado.com/us/en/shop-watches/movado-face-3640041.html,Movado Face,3 ATM
,40,stainless steel,sapphire,blue Museum with flat dot,unisex,In Stock,0607500,Swiss quartz movement,MOVADO.COM EXCLUSIVE,$595.00,blue calfskin,https://www.movado.com/us/en/shop-watches/modern-47-0607500.html,Modern 47,30 meters
,41,grey ion-plated stainless steel,K1,black Museum with concave dot,men's,In Stock,3640033,Swiss quartz movement,No,$350.00,black leather,https://www.movado.com/us/en/shop-watches/movado-face-3640033.html,Movado Face,3 ATM
,42,black TR90 composite material and stainless steel,K1,black Museum with flat dot,unisex,In Stock,3600307,Swiss quartz movement,No,$395.00,black Colorado leather,https://www.movado.com/us/en/shop-watches/movado-bold-tr90-3600307.html,Movado BOLD TR90,3 ATM
,40,blue ion-plated stainless steel,K1,blue Museum with flat dot,unisex,In Stock,3600520,Swiss quartz movement,No,$495.00,cognac leather,https://www.movado.com/us/en/shop-watches/movado-bold-evolution-3600520.html,Movado BOLD Evolution,3 ATM
pale rose gold ion-plated stainless steel mesh bracelet,34,pale rose gold ion-plated stainless steel,K1,carnation gold Museum with flat dot,Women's,In Stock,3600657,Swiss quartz movement,No,$795.00,,https://www.movado.com/us/en/shop-watches/movado-bold-shimmer-3600657.html,Movado BOLD Shimmer,3 ATM
yellow PVD-finished stainless steel with diamonds bangle bracelet,24,yellow PVD-finished stainless steel,sapphire,black Museum with concave dot,women's,In Stock,0607155,Swiss quartz movement,No,"$1,195.00",,https://www.movado.com/us/en/shop-watches/amorosa-0607155.html,Amorosa,30 meters
pale gold ion-plated stainless steel link bracelet,34,pale gold ion-plated stainless steel,K1,gold-toned metallic Museum with flat dot,Women's,In Stock,3600648,Swiss quartz movement,No,$650.00,,https://www.movado.com/us/en/shop-watches/movado-bold-evolution-3600648.html,Movado BOLD Evolution,3 ATM
black TR90 composite material and stainless steel link bracelet,42,black TR90 composite material and stainless steel,K1,black Museum with flat dot,men's,In Stock,3600099,Swiss quartz movement,No,$595.00,,https://www.movado.com/us/en/shop-watches/movado-bold-tr90-3600099.html,Movado BOLD TR90,30 meters
stainless steel and yellow PVD link bracelet,40,stainless steel and yellow PVD,sapphire,black with diamonds,men's,In Stock,0607202,Swiss quartz movement,No,"$1,295.00",,https://www.movado.com/us/en/shop-watches/museum-classic-0607202.html,Museum Classic,30 meters
,41,stainless steel,K1,white Museum with concave dot,men's,In Stock,3640001,Swiss quartz movement,No,$350.00,brown leather,https://www.movado.com/us/en/shop-watches/movado-face-3640001.html,Movado Face,3 ATM
yellow PVD-finished stainless steel link bracelet,39,yellow PVD-finished stainless steel,sapphire,gold mirror Museum with concave dot,men's,In Stock,0607180,Swiss quartz movement,No,"$1,995.00",,https://www.movado.com/us/en/shop-watches/sapphire-0607180.html,Sapphire,30 meters
,40,black PVD-finished stainless steel,sapphire,black Museum with flat dot,men's,In Stock,0607431,Swiss quartz movement,No,$695.00,black calfskin,https://www.movado.com/us/en/shop-watches/modern-47-0607431.html,Modern 47,30 meters
ionic light gold plated stainless steel mesh bracelet,40,ionic light gold plated stainless steel,K1,light gold Museum with flat dot,men's,In Stock,3600560,Swiss quartz movement,No,$595.00,,https://www.movado.com/us/en/shop-watches/movado-bold-evolution-3600560.html,Movado BOLD Evolution,3 ATM
